X,Y,OBJECTID,Province_State,Country_Region,Last_Update,Lat,Long_,Confirmed,Deaths
67.709953,33.93911,1,,Afghanistan,2022/09/11 05:20:45+00,33.93911,67.709953,195631,7787
20.1683,41.1533,2,,Albania,2022/09/11 05:20:45+00,41.1533,20.1683,330948,3584
1.6596,28.0339,3,,Algeria,2022/09/11 05:20:45+00,28.0339,1.6596,270532,6879
1.5218,42.5063,4,,Andorra,2022/09/11 05:20:45+00,42.5063,1.5218,46113,155
17.8739,-11.2027,5,,Angola,2022/09/11 05:20:45+00,-11.2027,17.8739,103131,1917
23.347,-71.9499,6,,Antarctica,2022/09/11 05:20:45+00,-71.9499,23.347,11,0
-61.7964,17.0608,7,,Antigua and Barbuda,2022/09/11 05:20:45+00,17.0608,-61.7964,8974,145
-63.6167,-38.4161,8,,Argentina,2022/09/11 05:20:45+00,-38.4161,-63.6167,9689861,129769
45.0382,40.0691,9,,Armenia,2022/09/11 05:20:45+00,40.0691,45.0382,436727,8662
149.0124,-35.4735,10,Australian Capital Territory,Australia,2022/09/11 05:20:45+00,-35.4735,149.0124,203680,125
151.2093,-33.8688,11,New South Wales,Australia,2022/09/11 05:20:45+00,-33.8688,151.2093,3463759,5046
130.8456,-12.4634,12,Northern Territory,Australia,2022/09/11 05:20:45+00,-12.4634,130.8456,96447,70
153.0251,-27.4698,13,Queensland,Australia,2022/09/11 05:20:45+00,-27.4698,153.0251,1620034,2048
138.6007,-34.9285,14,South Australia,Australia,2022/09/11 05:20:45+00,-34.9285,138.6007,758840,860
147.3272,-42.8821,15,Tasmania,Australia,2022/09/11 05:20:45+00,-42.8821,147.3272,246706,182
144.9631,-37.8136,16,Victoria,Australia,2022/09/11 05:20:45+00,-37.8136,144.9631,2586290,5469
115.8605,-31.9505,17,Western Australia,Australia,2022/09/11 05:20:45+00,-31.9505,115.8605,1139054,626
14.5501,47.5162,18,,Austria,2022/09/11 05:20:45+00,47.5162,14.5501,4984809,20678
47.5769,40.1431,19,,Azerbaijan,2022/09/11 05:20:45+00,40.1431,47.5769,817596,9852
-78.035889,25.025885,20,,Bahamas,2022/09/11 05:20:45+00,25.025885,-78.035889,37125,823
50.55,26.0275,21,,Bahrain,2022/09/11 05:20:45+00,26.0275,50.55,673693,1518
90.3563,23.685,22,,Bangladesh,2022/09/11 05:20:45+00,23.685,90.3563,2014577,29332
-59.5432,13.1939,23,,Barbados,2022/09/11 05:20:45+00,13.1939,-59.5432,101850,556
27.9534,53.7098,24,,Belarus,2022/09/11 05:20:45+00,53.7098,27.9534,994037,7118
4.4024,51.2195,25,Antwerp,Belgium,2022/09/11 05:20:45+00,51.2195,4.4024,724170,0
4.3517,50.8503,26,Brussels,Belgium,2022/09/11 05:20:45+00,50.8503,4.3517,486779,0
3.7373,51.0362,27,East Flanders,Belgium,2022/09/11 05:20:45+00,51.0362,3.7373,609374,0
4.5833,50.9167,28,Flemish Brabant,Belgium,2022/09/11 05:20:45+00,50.9167,4.5833,439232,0
4.0621,50.5257,29,Hainaut,Belgium,2022/09/11 05:20:45+00,50.5257,4.0621,494027,0
5.8492,50.4496,30,Liege,Belgium,2022/09/11 05:20:45+00,50.4496,5.8492,401822,0
5.342,50.9739,31,Limburg,Belgium,2022/09/11 05:20:45+00,50.9739,5.342,331402,0
5.4677,50.0547,32,Luxembourg,Belgium,2022/09/11 05:20:45+00,50.0547,5.4677,116359,0
4.8221,50.331,33,Namur,Belgium,2022/09/11 05:20:45+00,50.331,4.8221,192313,0
,,34,Unknown,Belgium,2022/09/11 05:20:45+00,,,60821,32575
4.35,50.4,35,Walloon Brabant,Belgium,2022/09/11 05:20:45+00,50.4,4.35,165055,0
3.1458,51.0536,36,West Flanders,Belgium,2022/09/11 05:20:45+00,51.0536,3.1458,475845,0
-88.4976,17.1899,37,,Belize,2022/09/11 05:20:45+00,17.1899,-88.4976,68473,680
2.3158,9.3077,38,,Benin,2022/09/11 05:20:45+00,9.3077,2.3158,27490,163
90.4336,27.5142,39,,Bhutan,2022/09/11 05:20:45+00,27.5142,90.4336,61233,21
-63.5887,-16.2902,40,,Bolivia,2022/09/11 05:20:45+00,-16.2902,-63.5887,1105812,22216
17.6791,43.9159,41,,Bosnia and Herzegovina,2022/09/11 05:20:45+00,43.9159,17.6791,397098,16090
24.6849,-22.3285,42,,Botswana,2022/09/11 05:20:45+00,-22.3285,24.6849,325931,2786
-70.812,-9.0238,43,Acre,Brazil,2022/09/11 05:20:45+00,-9.0238,-70.812,149378,2027
-36.782,-9.5713,44,Alagoas,Brazil,2022/09/11 05:20:45+00,-9.5713,-36.782,320552,7118
-52.003,0.902,45,Amapa,Brazil,2022/09/11 05:20:45+00,0.902,-52.003,178178,2159
-65.8561,-3.4168,46,Amazonas,Brazil,2022/09/11 05:20:45+00,-3.4168,-65.8561,614752,14304
-41.7007,-12.5797,47,Bahia,Brazil,2022/09/11 05:20:45+00,-12.5797,-41.7007,1689830,30675
-39.3206,-5.4984,48,Ceara,Brazil,2022/09/11 05:20:45+00,-5.4984,-39.3206,1382048,27609
-47.8645,-15.7998,49,Distrito Federal,Brazil,2022/09/11 05:20:45+00,-15.7998,-47.8645,837928,11825
-40.3089,-19.1834,50,Espirito Santo,Brazil,2022/09/11 05:20:45+00,-19.1834,-40.3089,1214891,14803
-49.8362,-15.827,51,Goias,Brazil,2022/09/11 05:20:45+00,-15.827,-49.8362,1685781,27505
-45.2744,-4.9609,52,Maranhao,Brazil,2022/09/11 05:20:45+00,-4.9609,-45.2744,469805,10988
-56.9211,-12.6819,53,Mato Grosso,Brazil,2022/09/11 05:20:45+00,-12.6819,-56.9211,827903,14935
-54.7852,-20.7722,54,Mato Grosso do Sul,Brazil,2022/09/11 05:20:45+00,-20.7722,-54.7852,578853,10818
-44.555,-18.5122,55,Minas Gerais,Brazil,2022/09/11 05:20:45+00,-18.5122,-44.555,3874629,63659
-54.9306,-1.9981,56,Para,Brazil,2022/09/11 05:20:45+00,-1.9981,-54.9306,834883,18812
-36.782,-7.24,57,Paraiba,Brazil,2022/09/11 05:20:45+00,-7.24,-36.782,651816,10400
-52.0215,-25.2521,58,Parana,Brazil,2022/09/11 05:20:45+00,-25.2521,-52.0215,2740391,45182
-36.9541,-8.8137,59,Pernambuco,Brazil,2022/09/11 05:20:45+00,-8.8137,-36.9541,1052904,22240
-42.7289,-7.7183,60,Piaui,Brazil,2022/09/11 05:20:45+00,-7.7183,-42.7289,400100,7944
-36.9541,-5.4026,61,Rio Grande do Norte,Brazil,2022/09/11 05:20:45+00,-5.4026,-36.9541,552885,8449
-51.2177,-30.0346,62,Rio Grande do Sul,Brazil,2022/09/11 05:20:45+00,-30.0346,-51.2177,2721406,40935
-43.1729,-22.9068,63,Rio de Janeiro,Brazil,2022/09/11 05:20:45+00,-22.9068,-43.1729,2500526,75558
-63.5806,-11.5057,64,Rondonia,Brazil,2022/09/11 05:20:45+00,-11.5057,-63.5806,455188,7354
-62.0751,-2.7376,65,Roraima,Brazil,2022/09/11 05:20:45+00,-2.7376,-62.0751,174921,2173
-50.2189,-27.2423,66,Santa Catarina,Brazil,2022/09/11 05:20:45+00,-27.2423,-50.2189,1868495,22384
-46.6333,-23.5505,67,Sao Paulo,Brazil,2022/09/11 05:20:45+00,-23.5505,-46.6333,6051911,174325
-37.3857,-10.5741,68,Sergipe,Brazil,2022/09/11 05:20:45+00,-10.5741,-37.3857,342852,6433
-48.2982,-10.1753,69,Tocantins,Brazil,2022/09/11 05:20:45+00,-10.1753,-48.2982,343933,4199
114.7277,4.5353,70,,Brunei,2022/09/11 05:20:45+00,4.5353,114.7277,223059,225
25.4858,42.7339,71,,Bulgaria,2022/09/11 05:20:45+00,42.7339,25.4858,1248035,37646
-1.5616,12.2383,72,,Burkina Faso,2022/09/11 05:20:45+00,12.2383,-1.5616,21128,387
95.956,21.9162,73,,Burma,2022/09/11 05:20:45+00,21.9162,95.956,616663,19442
29.9189,-3.3731,74,,Burundi,2022/09/11 05:20:45+00,-3.3731,29.9189,49370,38
-23.0418,16.5388,75,,Cabo Verde,2022/09/11 05:20:45+00,16.5388,-23.0418,62341,410
104.9167,11.55,76,,Cambodia,2022/09/11 05:20:45+00,11.55,104.9167,137705,3056
11.5021,3.848,77,,Cameroon,2022/09/11 05:20:45+00,3.848,11.5021,121652,1935
-116.5765,53.9333,78,Alberta,Canada,2022/09/11 05:20:45+00,53.9333,-116.5765,603501,4832
-127.6476,53.7267,79,British Columbia,Canada,2022/09/11 05:20:45+00,53.7267,-127.6476,383054,4183
,,80,Diamond Princess,Canada,2020/12/21 13:27:30+00,,,0,1
,,81,Grand Princess,Canada,2020/12/21 13:27:30+00,,,13,0
-98.8139,53.7609,82,Manitoba,Canada,2022/09/11 05:20:45+00,53.7609,-98.8139,148903,2118
-66.4619,46.5653,83,New Brunswick,Canada,2022/09/11 05:20:45+00,46.5653,-66.4619,75741,472
-57.6604,53.1355,84,Newfoundland and Labrador,Canada,2022/09/11 05:20:45+00,53.1355,-57.6604,51329,231
-124.8457,64.8255,85,Northwest Territories,Canada,2022/09/11 05:20:45+00,64.8255,-124.8457,11511,22
-63.7443,44.682,86,Nova Scotia,Canada,2022/09/11 05:20:45+00,44.682,-63.7443,122458,504
-83.1076,70.2998,87,Nunavut,Canada,2022/09/11 05:20:45+00,70.2998,-83.1076,3531,7
-85.3232,51.2538,88,Ontario,Canada,2022/09/11 05:20:45+00,51.2538,-85.3232,1442991,14193
-63.4168,46.5107,89,Prince Edward Island,Canada,2022/09/11 05:20:45+00,46.5107,-63.4168,50594,56
-73.5491,52.9399,90,Quebec,Canada,2022/09/11 05:20:45+00,52.9399,-73.5491,1185085,16479
,,91,Repatriated Travellers,Canada,2022/09/11 05:20:45+00,,,13,0
-106.4509,52.9399,92,Saskatchewan,Canada,2022/09/11 05:20:45+00,52.9399,-106.4509,141815,1479
-135,64.2823,93,Yukon,Canada,2022/09/11 05:20:45+00,64.2823,-135,4857,30
20.9394,6.6111,94,,Central African Republic,2022/09/11 05:20:45+00,6.6111,20.9394,14883,113
18.7322,15.4542,95,,Chad,2022/09/11 05:20:45+00,15.4542,18.7322,7549,193
-70.3975,-23.6509,96,Antofagasta,Chile,2022/09/11 05:20:45+00,-23.6509,-70.3975,164080,1868
-72.3311,-38.9489,97,Araucania,Chile,2022/09/11 05:20:45+00,-38.9489,-72.3311,262062,2705
-69.4785,-18.594,98,Arica y Parinacota,Chile,2022/09/11 05:20:45+00,-18.594,-69.4785,71886,855
-70.0503,-27.5661,99,Atacama,Chile,2022/09/11 05:20:45+00,-27.5661,-70.0503,100140,670
-73.7669,-45.9864,100,Aysen,Chile,2022/09/11 05:20:45+00,-45.9864,-73.7669,31242,196
-72.1416,-37.4464,101,Biobio,Chile,2022/09/11 05:20:45+00,-37.4464,-72.1416,445125,4500
-71.3389,-29.959,102,Coquimbo,Chile,2022/09/11 05:20:45+00,-29.959,-71.3389,184536,1821
-72.1416,-41.9198,103,Los Lagos,Chile,2022/09/11 05:20:45+00,-41.9198,-72.1416,223851,2415
-72.3311,-40.231,104,Los Rios,Chile,2022/09/11 05:20:45+00,-40.231,-72.3311,129541,1303
-70.9863,-52.368,105,Magallanes,Chile,2022/09/11 05:20:45+00,-52.368,-70.9863,61701,744
-71.6885,-35.5183,106,Maule,Chile,2022/09/11 05:20:45+00,-35.5183,-71.6885,304106,3097
-70.6505,-33.4376,107,Metropolitana,Chile,2022/09/11 05:20:45+00,-33.4376,-70.6505,1730530,29539
-71.7622,-36.7226,108,Nuble,Chile,2022/09/11 05:20:45+00,-36.7226,-71.7622,131162,1188
-71.0022,-34.5755,109,OHiggins,Chile,2022/09/11 05:20:45+00,-34.5755,-71.0022,194717,2667
-69.5132,-19.9232,110,Tarapaca,Chile,2022/09/11 05:20:45+00,-19.9232,-69.5132,102046,1131
,,111,Unknown,Chile,2022/09/11 05:20:45+00,,,42,2
-71.6127,-33.0472,112,Valparaiso,Chile,2022/09/11 05:20:45+00,-33.0472,-71.6127,423034,6048
117.2264,31.8257,113,Anhui,China,2022/09/11 05:20:45+00,31.8257,117.2264,1506,6
116.4142,40.1824,114,Beijing,China,2022/09/11 05:20:45+00,40.1824,116.4142,4088,9
107.874,30.0572,115,Chongqing,China,2022/09/11 05:20:45+00,30.0572,107.874,1012,6
117.9874,26.0789,116,Fujian,China,2022/09/11 05:20:45+00,26.0789,117.9874,4176,1
104.2861,35.7518,117,Gansu,China,2022/09/11 05:20:45+00,35.7518,104.2861,1348,2
113.4244,23.3417,118,Guangdong,China,2022/09/11 05:20:45+00,23.3417,113.4244,9642,8
108.7881,23.8298,119,Guangxi,China,2022/09/11 05:20:45+00,23.8298,108.7881,2300,2
106.8748,26.8154,120,Guizhou,China,2022/09/11 05:20:45+00,26.8154,106.8748,220,2
109.7453,19.1959,121,Hainan,China,2022/09/11 05:20:45+00,19.1959,109.7453,8944,6
114.9042,37.8957,122,Hebei,China,2022/09/11 05:20:45+00,37.8957,114.9042,2027,7
127.7615,47.862,123,Heilongjiang,China,2022/09/11 05:20:45+00,47.862,127.7615,3224,13
113.614,33.882,124,Henan,China,2022/09/11 05:20:45+00,33.882,113.614,3316,22
114.2,22.3,125,Hong Kong,China,2022/09/11 05:20:45+00,22.3,114.2,1642941,9788
112.2707,30.9756,126,Hubei,China,2022/09/11 05:20:45+00,30.9756,112.2707,68427,4512
111.7088,27.6104,127,Hunan,China,2022/09/11 05:20:45+00,27.6104,111.7088,1442,4
113.9448,44.0935,128,Inner Mongolia,China,2022/09/11 05:20:45+00,44.0935,113.9448,2694,1
119.455,32.9711,129,Jiangsu,China,2022/09/11 05:20:45+00,32.9711,119.455,2367,0
115.7221,27.614,130,Jiangxi,China,2022/09/11 05:20:45+00,27.614,115.7221,1489,1
126.1923,43.6661,131,Jilin,China,2022/09/11 05:20:45+00,43.6661,126.1923,40329,5
122.6085,41.2956,132,Liaoning,China,2022/09/11 05:20:45+00,41.2956,122.6085,1867,2
113.55,22.1667,133,Macau,China,2022/09/11 05:20:45+00,22.1667,113.55,793,6
106.1655,37.2692,134,Ningxia,China,2022/09/11 05:20:45+00,37.2692,106.1655,122,0
95.9956,35.7452,135,Qinghai,China,2022/09/11 05:20:45+00,35.7452,95.9956,231,0
108.8701,35.1917,136,Shaanxi,China,2022/09/11 05:20:45+00,35.1917,108.8701,3712,3
118.1498,36.3427,137,Shandong,China,2022/09/11 05:20:45+00,36.3427,118.1498,3038,7
121.4491,31.202,138,Shanghai,China,2022/09/11 05:20:45+00,31.202,121.4491,63928,595
112.2922,37.5777,139,Shanxi,China,2022/09/11 05:20:45+00,37.5777,112.2922,469,0
102.7103,30.6171,140,Sichuan,China,2022/09/11 05:20:45+00,30.6171,102.7103,4642,3
117.323,39.3054,141,Tianjin,China,2022/09/11 05:20:45+00,39.3054,117.323,2244,3
88.0924,31.6927,142,Tibet,China,2022/09/11 05:20:45+00,31.6927,88.0924,1191,0
,,143,Unknown,China,2022/09/11 05:20:45+00,,,725051,0
85.2401,41.1129,144,Xinjiang,China,2022/09/11 05:20:45+00,41.1129,85.2401,1151,3
101.487,24.974,145,Yunnan,China,2022/09/11 05:20:45+00,24.974,101.487,2312,2
120.0934,29.1832,146,Zhejiang,China,2022/09/11 05:20:45+00,29.1832,120.0934,3394,1
-71.5724,-1.4429,147,Amazonas,Colombia,2022/09/11 05:20:45+00,-1.4429,-71.5724,7810,265
-75.3412,7.1986,148,Antioquia,Colombia,2022/09/11 05:20:45+00,7.1986,-75.3412,942940,18479
-70.7105,7.0762,149,Arauca,Colombia,2022/09/11 05:20:45+00,7.0762,-70.7105,16947,551
-74.8741,10.6966,150,Atlantico,Colombia,2022/09/11 05:20:45+00,10.6966,-74.8741,415772,10199
-74.03,8.6704,151,Bolivar,Colombia,2022/09/11 05:20:45+00,8.6704,-74.03,202788,3265
-73.362,5.4545,152,Boyaca,Colombia,2022/09/11 05:20:45+00,5.4545,-73.362,129252,2860
-75.2479,5.2983,153,Caldas,Colombia,2022/09/11 05:20:45+00,5.2983,-75.2479,119300,2563
-74.0721,4.711,154,Capital District,Colombia,2022/09/11 05:20:45+00,4.711,-74.0721,1852256,29795
-73.8419,0.8699,155,Caqueta,Colombia,2022/09/11 05:20:45+00,0.8699,-73.8419,25581,1037
-71.5724,5.7589,156,Casanare,Colombia,2022/09/11 05:20:45+00,5.7589,-71.5724,42801,1022
-76.826,2.705,157,Cauca,Colombia,2022/09/11 05:20:45+00,2.705,-76.826,76115,1843
-73.6536,9.3373,158,Cesar,Colombia,2022/09/11 05:20:45+00,9.3373,-73.6536,108666,2681
-76.826,5.2528,159,Choco,Colombia,2022/09/11 05:20:45+00,5.2528,-76.826,18828,429
-75.574,8.0493,160,Cordoba,Colombia,2022/09/11 05:20:45+00,8.0493,-75.574,121918,3950
-74.03,5.026,161,Cundinamarca,Colombia,2022/09/11 05:20:45+00,5.026,-74.03,327597,7354
-68.5247,2.5854,162,Guainia,Colombia,2022/09/11 05:20:45+00,2.5854,-68.5247,2792,37
-73.2603,1.0654,163,Guaviare,Colombia,2022/09/11 05:20:45+00,1.0654,-73.2603,5655,105
-75.5277,2.5359,164,Huila,Colombia,2022/09/11 05:20:45+00,2.5359,-75.5277,102994,3579
-72.5205,11.3548,165,La Guajira,Colombia,2022/09/11 05:20:45+00,11.3548,-72.5205,57849,1543
-74.4057,10.4113,166,Magdalena,Colombia,2022/09/11 05:20:45+00,10.4113,-74.4057,117366,3643
-73.0877,3.272,167,Meta,Colombia,2022/09/11 05:20:45+00,3.272,-73.0877,107310,2587
-77.3579,1.2892,168,Narino,Colombia,2022/09/11 05:20:45+00,1.2892,-77.3579,107617,3376
-72.8988,7.9463,169,Norte de Santander,Colombia,2022/09/11 05:20:45+00,7.9463,-72.8988,124246,5166
-75.5277,0.436,170,Putumayo,Colombia,2022/09/11 05:20:45+00,0.436,-75.5277,21751,785
-75.6674,4.461,171,Quindio,Colombia,2022/09/11 05:20:45+00,4.461,-75.6674,72681,2076
-75.9928,5.3158,172,Risaralda,Colombia,2022/09/11 05:20:45+00,5.3158,-75.9928,109436,2496
-81.7185,12.5567,173,San Andres y Providencia,Colombia,2022/09/11 05:20:45+00,12.5567,-81.7185,10333,156
-73.6536,6.6437,174,Santander,Colombia,2022/09/11 05:20:45+00,6.6437,-73.6536,293238,8291
-74.7233,8.814,175,Sucre,Colombia,2022/09/11 05:20:45+00,8.814,-74.7233,66906,1738
-75.1545,4.0925,176,Tolima,Colombia,2022/09/11 05:20:45+00,4.0925,-75.1545,126837,4067
,,177,Unknown,Colombia,2022/09/11 05:20:45+00,,,0,362
-76.6413,3.8009,178,Valle del Cauca,Colombia,2022/09/11 05:20:45+00,3.8009,-76.6413,563327,15322
-70.812,0.8554,179,Vaupes,Colombia,2022/09/11 05:20:45+00,0.8554,-70.812,1949,22
-69.2878,4.4234,180,Vichada,Colombia,2022/09/11 05:20:45+00,4.4234,-69.2878,3459,64
43.3333,-11.6455,181,,Comoros,2022/09/11 05:20:45+00,-11.6455,43.3333,8455,161
15.8277,-0.228,182,,Congo (Brazzaville),2022/09/11 05:20:45+00,-0.228,15.8277,24837,386
21.7587,-4.0383,183,,Congo (Kinshasa),2022/09/11 05:20:45+00,-4.0383,21.7587,92751,1422
-83.7534,9.7489,184,,Costa Rica,2022/09/11 05:20:45+00,9.7489,-83.7534,1097629,8893
-5.5471,7.54,185,,Cote d'Ivoire,2022/09/11 05:20:45+00,7.54,-5.5471,86919,822
15.2,45.1,186,,Croatia,2022/09/11 05:20:45+00,45.1,15.2,1220015,16792
-77.781167,21.521757,187,,Cuba,2022/09/11 05:20:45+00,21.521757,-77.781167,1110858,8530
33.4299,35.1264,188,,Cyprus,2022/09/11 05:20:45+00,35.1264,33.4299,579899,1173
15.473,49.8175,189,,Czechia,2022/09/11 05:20:45+00,49.8175,15.473,4059173,40906
9.5018,56.2639,190,,Denmark,2022/09/11 05:20:45+00,56.2639,9.5018,3280052,6968
-6.9118,61.8926,191,Faroe Islands,Denmark,2022/09/11 05:20:45+00,61.8926,-6.9118,34658,28
-42.6043,71.7069,192,Greenland,Denmark,2022/09/11 05:20:45+00,71.7069,-42.6043,11971,21
,,193,,Diamond Princess,2022/09/11 05:20:45+00,,,712,13
42.5903,11.8251,194,,Djibouti,2022/09/11 05:20:45+00,11.8251,42.5903,15690,189
-61.371,15.415,195,,Dominica,2022/09/11 05:20:45+00,15.415,-61.371,14852,68
-70.1627,18.7357,196,,Dominican Republic,2022/09/11 05:20:45+00,18.7357,-70.1627,641677,4384
-78.1834,-1.8312,197,,Ecuador,2022/09/11 05:20:45+00,-1.8312,-78.1834,998202,35876
30.802498,26.820553,198,,Egypt,2022/09/11 05:20:45+00,26.820553,30.802498,515645,24796
-88.8965,13.7942,199,,El Salvador,2022/09/11 05:20:45+00,13.7942,-88.8965,201785,4227
10.2679,1.6508,200,,Equatorial Guinea,2022/09/11 05:20:45+00,1.6508,10.2679,16965,183
39.7823,15.1794,201,,Eritrea,2022/09/11 05:20:45+00,15.1794,39.7823,10163,103
25.0136,58.5953,202,,Estonia,2022/09/11 05:20:45+00,58.5953,25.0136,598636,2657
31.4659,-26.5225,203,,Eswatini,2022/09/11 05:20:45+00,-26.5225,31.4659,73368,1422
40.4897,9.145,204,,Ethiopia,2022/09/11 05:20:45+00,9.145,40.4897,493340,7572
178.065,-17.7134,205,,Fiji,2022/09/11 05:20:45+00,-17.7134,178.065,68207,878
25.748151,61.92411,206,,Finland,2022/09/11 05:20:45+00,61.92411,25.748151,1271516,5768
2.2137,46.2276,207,,France,2022/09/11 05:20:45+00,46.2276,2.2137,33718369,150991
-53,4,208,French Guiana,France,2022/09/11 05:20:45+00,4,-53,93735,408
-149.4068,-17.6797,209,French Polynesia,France,2022/09/11 05:20:45+00,-17.6797,-149.4068,76520,649
-61.551,16.265,210,Guadeloupe,France,2022/09/11 05:20:45+00,16.265,-61.551,191997,986
-61.0242,14.6415,211,Martinique,France,2022/09/11 05:20:45+00,14.6415,-61.0242,215582,1022
45.166244,-12.8275,212,Mayotte,France,2022/09/11 05:20:45+00,-12.8275,45.166244,40095,187
165.618042,-20.904305,213,New Caledonia,France,2022/09/11 05:20:45+00,-20.904305,165.618042,74125,314
55.5364,-21.1151,214,Reunion,France,2022/09/11 05:20:45+00,-21.1151,55.5364,467390,874
-62.8333,17.9,215,Saint Barthelemy,France,2022/09/11 05:20:45+00,17.9,-62.8333,5263,6
-56.3159,46.8852,216,Saint Pierre and Miquelon,France,2022/09/11 05:20:45+00,46.8852,-56.3159,3131,1
-63.0501,18.0708,217,St Martin,France,2022/09/11 05:20:45+00,18.0708,-63.0501,11941,63
-178.1165,-14.2938,218,Wallis and Futuna,France,2022/09/11 05:20:45+00,-14.2938,-178.1165,761,7
11.6094,-0.8037,219,,Gabon,2022/09/11 05:20:45+00,-0.8037,11.6094,48668,306
-15.3101,13.4432,220,,Gambia,2022/09/11 05:20:45+00,13.4432,-15.3101,12311,371
43.3569,42.3154,221,,Georgia,2022/09/11 05:20:45+00,42.3154,43.3569,1735682,16889
9.3501,48.6616,222,Baden-Wurttemberg,Germany,2022/09/11 05:20:45+00,48.6616,9.3501,4415508,17048
11.4979,48.7904,223,Bayern,Germany,2022/09/11 05:20:45+00,48.7904,11.4979,5884399,25556
13.405,52.52,224,Berlin,Germany,2022/09/11 05:20:45+00,52.52,13.405,1240822,4776
12.5316,52.4125,225,Brandenburg,Germany,2022/09/11 05:20:45+00,52.4125,12.5316,930612,5874
8.8017,53.0793,226,Bremen,Germany,2022/09/11 05:20:45+00,53.0793,8.8017,252747,828
9.9937,53.5511,227,Hamburg,Germany,2022/09/11 05:20:45+00,53.5511,9.9937,716984,3008
9.1624,50.6521,228,Hessen,Germany,2022/09/11 05:20:45+00,50.6521,9.1624,2434830,10979
12.4296,53.6127,229,Mecklenburg-Vorpommern,Germany,2022/09/11 05:20:45+00,53.6127,12.4296,589732,2429
9.8451,52.6367,230,Niedersachsen,Germany,2022/09/11 05:20:45+00,52.6367,9.8451,3131987,10607
7.6616,51.4332,231,Nordrhein-Westfalen,Germany,2022/09/11 05:20:45+00,51.4332,7.6616,6660471,27189
7.309,50.1183,232,Rheinland-Pfalz,Germany,2022/09/11 05:20:45+00,50.1183,7.309,1461613,6105
7.023,49.3964,233,Saarland,Germany,2022/09/11 05:20:45+00,49.3964,7.023,400976,1835
13.2017,51.1045,234,Sachsen,Germany,2022/09/11 05:20:45+00,51.1045,13.2017,1725817,15948
11.6923,51.9503,235,Sachsen-Anhalt,Germany,2022/09/11 05:20:45+00,51.9503,11.6923,826885,5681
9.6961,54.2194,236,Schleswig-Holstein,Germany,2022/09/11 05:20:45+00,54.2194,9.6961,991109,2849
10.8453,51.011,237,Thuringen,Germany,2022/09/11 05:20:45+00,51.011,10.8453,787758,7587
,,238,Unknown,Germany,2022/09/11 05:20:45+00,,,0,0
-1.0232,7.9465,239,,Ghana,2022/09/11 05:20:45+00,7.9465,-1.0232,168616,1459
21.8243,39.0742,240,,Greece,2022/09/11 05:20:45+00,39.0742,21.8243,4804982,32757
-61.679,12.1165,241,,Grenada,2022/09/11 05:20:45+00,12.1165,-61.679,19403,236
-90.2308,15.7835,242,,Guatemala,2022/09/11 05:20:45+00,15.7835,-90.2308,1110973,19650
-9.6966,9.9456,243,,Guinea,2022/09/11 05:20:45+00,9.9456,-9.6966,37652,449
-15.1804,11.8037,244,,Guinea-Bissau,2022/09/11 05:20:45+00,11.8037,-15.1804,8796,175
-58.93018,4.860416,245,,Guyana,2022/09/11 05:20:45+00,4.860416,-58.93018,71186,1279
-72.2852,18.9712,246,,Haiti,2022/09/11 05:20:45+00,18.9712,-72.2852,33658,851
12.4534,41.9029,247,,Holy See,2022/09/11 05:20:45+00,41.9029,12.4534,29,0
-86.2419,15.2,248,,Honduras,2022/09/11 05:20:45+00,15.2,-86.2419,455011,10989
19.5033,47.1625,249,,Hungary,2022/09/11 05:20:45+00,47.1625,19.5033,2058847,47367
-19.0208,64.9631,250,,Iceland,2022/09/11 05:20:45+00,64.9631,-19.0208,205009,213
92.968178,11.225999,251,Andaman and Nicobar Islands,India,2022/09/11 05:20:45+00,11.225999,92.968178,10624,129
79.74,15.9129,252,Andhra Pradesh,India,2022/09/11 05:20:45+00,15.9129,79.74,2337564,14733
96.384277,27.768456,253,Arunachal Pradesh,India,2022/09/11 05:20:45+00,27.768456,96.384277,66772,296
92.830441,26.357149,254,Assam,India,2022/09/11 05:20:45+00,26.357149,92.830441,745049,8034
85.60484,25.679658,255,Bihar,India,2022/09/11 05:20:45+00,25.679658,85.60484,849405,12297
76.768278,30.733839,256,Chandigarh,India,2022/09/11 05:20:45+00,30.733839,76.768278,99038,1181
82.035366,21.264705,257,Chhattisgarh,India,2022/09/11 05:20:45+00,21.264705,82.035366,1174791,14117
73.080901,20.194742,258,Dadra and Nagar Haveli and Daman and Diu,India,2022/09/11 05:20:45+00,20.194742,73.080901,11582,4
77.10898,28.646519,259,Delhi,India,2022/09/11 05:20:45+00,28.646519,77.10898,2001569,26491
74.057396,15.359682,260,Goa,India,2022/09/11 05:20:45+00,15.359682,74.057396,257018,3964
71.590923,22.694884,261,Gujarat,India,2022/09/11 05:20:45+00,22.694884,71.590923,1272157,11018
76.332824,29.20004,262,Haryana,India,2022/09/11 05:20:45+00,29.20004,76.332824,1053666,10693
77.233081,31.927213,263,Himachal Pradesh,India,2022/09/11 05:20:45+00,31.927213,77.233081,311626,4204
76.612638,33.75943,264,Jammu and Kashmir,India,2022/09/11 05:20:45+00,33.75943,76.612638,478685,4784
85.557631,23.654536,265,Jharkhand,India,2022/09/11 05:20:45+00,23.654536,85.557631,442111,5330
76.166436,14.70518,266,Karnataka,India,2022/09/11 05:20:45+00,14.70518,76.166436,4058178,40258
76.405749,10.450898,267,Kerala,India,2022/09/11 05:20:45+00,10.450898,76.405749,6769332,70904
77.5771,34.1526,268,Ladakh,India,2022/09/11 05:20:45+00,34.1526,77.5771,29270,230
72.1833326,13.6999972,269,Lakshadweep,India,2022/09/11 05:20:45+00,13.6999972,72.1833326,11415,52
78.289633,23.541513,270,Madhya Pradesh,India,2022/09/11 05:20:45+00,23.541513,78.289633,1053856,10770
76.108221,19.449759,271,Maharashtra,India,2022/09/11 05:20:45+00,19.449759,76.108221,8110131,148285
93.882541,24.738975,272,Manipur,India,2022/09/11 05:20:45+00,24.738975,93.882541,139755,2148
91.278882,25.536934,273,Meghalaya,India,2022/09/11 05:20:45+00,25.536934,91.278882,96558,1619
92.83822,23.309381,274,Mizoram,India,2022/09/11 05:20:45+00,23.309381,92.83822,237746,722
94.470302,26.06702,275,Nagaland,India,2022/09/11 05:20:45+00,26.06702,94.470302,35932,780
84.418059,20.505428,276,Odisha,India,2022/09/11 05:20:45+00,20.505428,84.418059,1329995,9184
78.86498,11.882658,277,Puducherry,India,2022/09/11 05:20:45+00,11.882658,78.86498,173301,1969
75.40879,30.841465,278,Punjab,India,2022/09/11 05:20:45+00,30.841465,75.40879,783859,17905
73.847973,26.583423,279,Rajasthan,India,2022/09/11 05:20:45+00,26.583423,73.847973,1311056,9629
88.472712,27.571671,280,Sikkim,India,2022/09/11 05:20:45+00,27.571671,88.472712,43906,494
78.400624,11.006091,281,Tamil Nadu,India,2022/09/11 05:20:45+00,11.006091,78.400624,3573236,38038
79.0193,18.1124,282,Telangana,India,2022/09/11 05:20:45+00,18.1124,79.0193,835853,4111
91.743565,23.746783,283,Tripura,India,2022/09/11 05:20:45+00,23.746783,91.743565,107743,938
,,284,Unknown,India,2022/09/11 05:20:45+00,,,0,0
80.560982,26.925425,285,Uttar Pradesh,India,2022/09/11 05:20:45+00,26.925425,80.560982,2124707,23614
79.197608,30.156447,286,Uttarakhand,India,2022/09/11 05:20:45+00,30.156447,79.197608,448783,7743
87.979803,23.814082,287,West Bengal,India,2022/09/11 05:20:45+00,23.814082,87.979803,2109090,21482
113.9213,-0.7893,288,,Indonesia,2022/09/11 05:20:45+00,-0.7893,113.9213,6390553,157757
53.688046,32.427908,289,,Iran,2022/09/11 05:20:45+00,32.427908,53.688046,7538125,144154
43.679291,33.223191,290,,Iraq,2022/09/11 05:20:45+00,33.223191,43.679291,2458509,25348
-7.6921,53.1424,291,,Ireland,2022/09/11 05:20:45+00,53.1424,-7.6921,1659034,7870
34.851612,31.046051,292,,Israel,2022/09/11 05:20:45+00,31.046051,34.851612,4641834,11648
13.39843823,42.35122196,293,Abruzzo,Italy,2022/09/11 05:20:45+00,42.35122196,13.39843823,545691,3651
15.80514834,40.63947052,294,Basilicata,Italy,2022/09/11 05:20:45+00,40.63947052,15.80514834,180806,981
16.59440194,38.90597598,295,Calabria,Italy,2022/09/11 05:20:45+00,38.90597598,16.59440194,546184,2972
14.25084984,40.83956555,296,Campania,Italy,2022/09/11 05:20:45+00,40.83956555,14.25084984,2198658,11152
11.3417208,44.49436681,297,Emilia-Romagna,Italy,2022/09/11 05:20:45+00,44.49436681,11.3417208,1834705,17947
13.76813649,45.6494354,298,Friuli Venezia Giulia,Italy,2022/09/11 05:20:45+00,45.6494354,13.76813649,480136,5391
12.48366722,41.89277044,299,Lazio,Italy,2022/09/11 05:20:45+00,41.89277044,12.48366722,2033065,12036
8.9326992,44.41149315,300,Liguria,Italy,2022/09/11 05:20:45+00,44.41149315,8.9326992,564932,5558
9.190347404,45.46679409,301,Lombardia,Italy,2022/09/11 05:20:45+00,45.46679409,9.190347404,3498268,42359
13.5188753,43.61675973,302,Marche,Italy,2022/09/11 05:20:45+00,43.61675973,13.5188753,609444,4096
14.65916051,41.55774754,303,Molise,Italy,2022/09/11 05:20:45+00,41.55774754,14.65916051,88465,675
11.35662422,46.49933453,304,P.A. Bolzano,Italy,2022/09/11 05:20:45+00,46.49933453,11.35662422,256969,1531
11.12123097,46.06893511,305,P.A. Trento,Italy,2022/09/11 05:20:45+00,46.06893511,11.12123097,206348,1593
7.680687483,45.0732745,306,Piemonte,Italy,2022/09/11 05:20:45+00,45.0732745,7.680687483,1441065,13609
16.86736689,41.12559576,307,Puglia,Italy,2022/09/11 05:20:45+00,41.12559576,16.86736689,1461961,9024
9.110616306,39.21531192,308,Sardegna,Italy,2022/09/11 05:20:45+00,39.21531192,9.110616306,442594,2740
13.3623567,38.11569725,309,Sicilia,Italy,2022/09/11 05:20:45+00,38.11569725,13.3623567,1630884,12155
11.25588885,43.76923077,310,Toscana,Italy,2022/09/11 05:20:45+00,43.76923077,11.25588885,1384361,10693
12.38824698,43.10675841,311,Umbria,Italy,2022/09/11 05:20:45+00,43.10675841,12.38824698,368433,2084
7.320149366,45.73750286,312,Valle d'Aosta,Italy,2022/09/11 05:20:45+00,45.73750286,7.320149366,43936,547
12.33845213,45.43490485,313,Veneto,Italy,2022/09/11 05:20:45+00,45.43490485,12.33845213,2218386,15410
-77.2975,18.1096,314,,Jamaica,2022/09/11 05:20:45+00,18.1096,-77.2975,150663,3283
137.211621,35.035551,315,Aichi,Japan,2022/09/11 05:20:45+00,35.035551,137.211621,1286435,2755
140.408228,39.748679,316,Akita,Japan,2022/09/11 05:20:45+00,39.748679,140.408228,90022,189
140.828896,40.781541,317,Aomori,Japan,2022/09/11 05:20:45+00,40.781541,140.828896,154322,264
140.198917,35.510141,318,Chiba,Japan,2022/09/11 05:20:45+00,35.510141,140.198917,891751,2397
132.856842,33.624835,319,Ehime,Japan,2022/09/11 05:20:45+00,33.624835,132.856842,150646,281
136.224654,35.846614,320,Fukui,Japan,2022/09/11 05:20:45+00,35.846614,136.224654,104862,94
130.666949,33.526032,321,Fukuoka,Japan,2022/09/11 05:20:45+00,33.526032,130.666949,1035471,1850
140.223295,37.378867,322,Fukushima,Japan,2022/09/11 05:20:45+00,37.378867,140.223295,169998,251
137.055925,35.778671,323,Gifu,Japan,2022/09/11 05:20:45+00,35.778671,137.055925,271016,535
138.985605,36.504479,324,Gunma,Japan,2022/09/11 05:20:45+00,36.504479,138.985605,218416,455
132.788719,34.605309,325,Hiroshima,Japan,2022/09/11 05:20:45+00,34.605309,132.788719,396601,700
142.552318,43.385711,326,Hokkaido,Japan,2022/09/11 05:20:45+00,43.385711,142.552318,697045,2502
134.828057,35.039913,327,Hyogo,Japan,2022/09/11 05:20:45+00,35.039913,134.828057,958828,2756
140.319591,36.303588,328,Ibaraki,Japan,2022/09/11 05:20:45+00,36.303588,140.319591,338672,622
136.771027,36.769464,329,Ishikawa,Japan,2022/09/11 05:20:45+00,36.769464,136.771027,149837,262
141.361777,39.593287,330,Iwate,Japan,2022/09/11 05:20:45+00,39.593287,141.361777,99716,176
133.969047,34.217292,331,Kagawa,Japan,2022/09/11 05:20:45+00,34.217292,133.969047,131799,271
130.430665,31.009484,332,Kagoshima,Japan,2022/09/11 05:20:45+00,31.009484,130.430665,280340,492
139.338983,35.415312,333,Kanagawa,Japan,2022/09/11 05:20:45+00,35.415312,139.338983,1412229,2899
133.367307,33.422519,334,Kochi,Japan,2022/09/11 05:20:45+00,33.422519,133.367307,92973,276
130.745231,32.608154,335,Kumamoto,Japan,2022/09/11 05:20:45+00,32.608154,130.745231,312984,592
135.443341,35.253815,336,Kyoto,Japan,2022/09/11 05:20:45+00,35.253815,135.443341,452775,966
136.376013,34.508018,337,Mie,Japan,2022/09/11 05:20:45+00,34.508018,136.376013,233125,489
140.927086,38.446859,338,Miyagi,Japan,2022/09/11 05:20:45+00,38.446859,140.927086,242226,347
131.299374,32.193204,339,Miyazaki,Japan,2022/09/11 05:20:45+00,32.193204,131.299374,182777,331
138.045528,36.132134,340,Nagano,Japan,2022/09/11 05:20:45+00,36.132134,138.045528,189928,320
129.608033,33.235712,341,Nagasaki,Japan,2022/09/11 05:20:45+00,33.235712,129.608033,201588,308
135.871644,34.317451,342,Nara,Japan,2022/09/11 05:20:45+00,34.317451,135.871644,207446,509
138.918647,37.521819,343,Niigata,Japan,2022/09/11 05:20:45+00,37.521819,138.918647,214417,131
131.43324,33.200697,344,Oita,Japan,2022/09/11 05:20:45+00,33.200697,131.43324,165805,322
133.826252,34.89246,345,Okayama,Japan,2022/09/11 05:20:45+00,34.89246,133.826252,253489,384
126.668016,25.768923,346,Okinawa,Japan,2022/09/11 05:20:45+00,25.768923,126.668016,488870,669
135.507481,34.620965,347,Osaka,Japan,2022/09/11 05:20:45+00,34.620965,135.507481,2003558,6232
,,348,Port Quarantine,Japan,2021/11/10 23:21:44+00,,,4463,4
130.115738,33.286977,349,Saga,Japan,2022/09/11 05:20:45+00,33.286977,130.115738,149524,210
139.347635,35.997101,350,Saitama,Japan,2022/09/11 05:20:45+00,35.997101,139.347635,1119817,2248
136.138064,35.215827,351,Shiga,Japan,2022/09/11 05:20:45+00,35.215827,136.138064,217211,300
132.554064,35.07076,352,Shimane,Japan,2022/09/11 05:20:45+00,35.07076,132.554064,76489,87
138.407784,34.916975,353,Shizuoka,Japan,2022/09/11 05:20:45+00,34.916975,138.407784,459592,707
139.819213,36.689912,354,Tochigi,Japan,2022/09/11 05:20:45+00,36.689912,139.819213,208518,460
134.242091,33.919178,355,Tokushima,Japan,2022/09/11 05:20:45+00,33.919178,134.242091,86978,158
139.446921,35.711343,356,Tokyo,Japan,2022/09/11 05:20:45+00,35.711343,139.446921,3034897,5612
133.863619,35.359069,357,Tottori,Japan,2022/09/11 05:20:45+00,35.359069,133.863619,58227,67
137.269346,36.637464,358,Toyama,Japan,2022/09/11 05:20:45+00,36.637464,137.269346,118609,163
,,359,Unknown,Japan,2021/11/10 23:21:44+00,,,8,0
135.505446,33.911879,360,Wakayama,Japan,2022/09/11 05:20:45+00,33.911879,135.505446,124347,233
140.102154,38.448396,361,Yamagata,Japan,2022/09/11 05:20:45+00,38.448396,140.102154,94001,178
131.573293,34.20119,362,Yamaguchi,Japan,2022/09/11 05:20:45+00,34.20119,131.573293,151600,359
138.611489,35.612364,363,Yamanashi,Japan,2022/09/11 05:20:45+00,35.612364,138.611489,90609,141
36.51,31.24,364,,Jordan,2022/09/11 05:20:45+00,31.24,36.51,1738867,14114
66.9237,48.0196,365,,Kazakhstan,2022/09/11 05:20:45+00,48.0196,66.9237,1481339,19043
37.9062,-0.0236,366,,Kenya,2022/09/11 05:20:45+00,-0.0236,37.9062,338290,5674
-168.734,-3.3704,367,,Kiribati,2022/09/11 05:20:45+00,-3.3704,-168.734,3430,13
127.5101,40.3399,368,,"Korea, North",2022/09/11 05:20:45+00,40.3399,127.5101,1,6
127.766922,35.907757,369,,"Korea, South",2022/09/11 05:20:45+00,35.907757,127.766922,24004887,27476
20.902977,42.602636,370,,Kosovo,2022/09/11 05:20:45+00,42.602636,20.902977,271922,3199
47.481766,29.31166,371,,Kuwait,2022/09/11 05:20:45+00,29.31166,47.481766,657745,2563
74.766098,41.20438,372,,Kyrgyzstan,2022/09/11 05:20:45+00,41.20438,74.766098,205835,2991
102.495496,19.85627,373,,Laos,2022/09/11 05:20:45+00,19.85627,102.495496,214897,757
24.6032,56.8796,374,,Latvia,2022/09/11 05:20:45+00,56.8796,24.6032,905904,5957
35.8623,33.8547,375,,Lebanon,2022/09/11 05:20:45+00,33.8547,35.8623,1212497,10645
28.2336,-29.61,376,,Lesotho,2022/09/11 05:20:45+00,-29.61,28.2336,34287,704
-9.429499,6.428055,377,,Liberia,2022/09/11 05:20:45+00,6.428055,-9.429499,7898,294
17.228331,26.3351,378,,Libya,2022/09/11 05:20:45+00,26.3351,17.228331,506889,6437
9.55,47.14,379,,Liechtenstein,2022/09/11 05:20:45+00,47.14,9.55,19285,86
23.8813,55.1694,380,,Lithuania,2022/09/11 05:20:45+00,55.1694,23.8813,1226496,9294
6.1296,49.8153,381,,Luxembourg,2022/09/11 05:20:45+00,49.8153,6.1296,288658,1123
,,382,,MS Zaandam,2022/09/11 05:20:45+00,,,9,2
46.869107,-18.766947,383,,Madagascar,2022/09/11 05:20:45+00,-18.766947,46.869107,66640,1410
34.3015,-13.2543,384,,Malawi,2022/09/11 05:20:45+00,-13.2543,34.3015,87933,2679
103.7618,1.4854,385,Johor,Malaysia,2022/09/11 05:20:45+00,1.4854,103.7618,392718,4617
100.3685,6.1184,386,Kedah,Malaysia,2022/09/11 05:20:45+00,6.1184,100.3685,308422,2668
102.2381,6.1254,387,Kelantan,Malaysia,2022/09/11 05:20:45+00,6.1254,102.2381,252587,1421
102.2501,2.1896,388,Melaka,Malaysia,2022/09/11 05:20:45+00,2.1896,102.2501,134001,1182
101.9424,2.7258,389,Negeri Sembilan,Malaysia,2022/09/11 05:20:45+00,2.7258,101.9424,220325,1508
103.3256,3.8126,390,Pahang,Malaysia,2022/09/11 05:20:45+00,3.8126,103.3256,176706,1005
101.0901,4.5921,391,Perak,Malaysia,2022/09/11 05:20:45+00,4.5921,101.0901,224512,2017
100.2048,6.4449,392,Perlis,Malaysia,2022/09/11 05:20:45+00,6.4449,100.2048,18306,192
100.3288,5.4141,393,Pulau Pinang,Malaysia,2022/09/11 05:20:45+00,5.4141,100.3288,295735,2029
116.0753,5.9788,394,Sabah,Malaysia,2022/09/11 05:20:45+00,5.9788,116.0753,391703,3149
110.3592,1.5533,395,Sarawak,Malaysia,2022/09/11 05:20:45+00,1.5533,110.3592,313821,1761
101.5183,3.0738,396,Selangor,Malaysia,2022/09/11 05:20:45+00,3.0738,101.5183,1466392,10830
103.1324,5.3117,397,Terengganu,Malaysia,2022/09/11 05:20:45+00,5.3117,103.1324,129091,880
,,398,Unknown,Malaysia,2022/09/11 05:20:45+00,,,0,0
101.6869,3.139,399,W.P. Kuala Lumpur,Malaysia,2022/09/11 05:20:45+00,3.139,101.6869,430225,2831
115.2308,5.2831,400,W.P. Labuan,Malaysia,2022/09/11 05:20:45+00,5.2831,115.2308,22198,157
101.6964,2.9264,401,W.P. Putrajaya,Malaysia,2022/09/11 05:20:45+00,2.9264,101.6964,26882,30
73.2207,3.2028,402,,Maldives,2022/09/11 05:20:45+00,3.2028,73.2207,184924,308
-3.996166,17.570692,403,,Mali,2022/09/11 05:20:45+00,17.570692,-3.996166,32205,739
14.3754,35.9375,404,,Malta,2022/09/11 05:20:45+00,35.9375,14.3754,114251,802
171.1845,7.1315,405,,Marshall Islands,2022/09/11 05:20:45+00,7.1315,171.1845,15072,17
-10.9408,21.0079,406,,Mauritania,2022/09/11 05:20:45+00,21.0079,-10.9408,62776,993
57.552152,-20.348404,407,,Mauritius,2022/09/11 05:20:45+00,-20.348404,57.552152,258301,1023
-102.2916,21.8853,408,Aguascalientes,Mexico,2022/09/11 05:20:45+00,21.8853,-102.2916,84217,3560
-115.2838,30.8406,409,Baja California,Mexico,2022/09/11 05:20:45+00,30.8406,-115.2838,163289,12414
-111.6661,26.0444,410,Baja California Sur,Mexico,2022/09/11 05:20:45+00,26.0444,-111.6661,124155,2748
-90.5349,19.8301,411,Campeche,Mexico,2022/09/11 05:20:45+00,19.8301,-90.5349,42803,2279
-93.1292,16.7569,412,Chiapas,Mexico,2022/09/11 05:20:45+00,16.7569,-93.1292,48323,2431
-106.0691,28.633,413,Chihuahua,Mexico,2022/09/11 05:20:45+00,28.633,-106.0691,164059,10117
-99.1332,19.4326,414,Ciudad de Mexico,Mexico,2022/09/11 05:20:45+00,19.4326,-99.1332,1730910,43513
-101.7068,27.0587,415,Coahuila,Mexico,2022/09/11 05:20:45+00,27.0587,-101.7068,179747,8951
-104.0072,19.1223,416,Colima,Mexico,2022/09/11 05:20:45+00,19.1223,-104.0072,67123,2241
-104.6588,24.5593,417,Durango,Mexico,2022/09/11 05:20:45+00,24.5593,-104.6588,79169,3667
-101.2574,21.019,418,Guanajuato,Mexico,2022/09/11 05:20:45+00,21.019,-101.2574,350767,15058
-99.5451,17.4392,419,Guerrero,Mexico,2022/09/11 05:20:45+00,17.4392,-99.5451,115881,6837
-98.7624,20.0911,420,Hidalgo,Mexico,2022/09/11 05:20:45+00,20.0911,-98.7624,118603,8535
-103.3494,20.6595,421,Jalisco,Mexico,2022/09/11 05:20:45+00,20.6595,-103.3494,282945,19955
-99.7233,19.4969,422,Mexico,Mexico,2022/09/11 05:20:45+00,19.4969,-99.7233,699048,47835
-101.7068,19.5665,423,Michoacan,Mexico,2022/09/11 05:20:45+00,19.5665,-101.7068,109561,8958
-99.1013,18.6813,424,Morelos,Mexico,2022/09/11 05:20:45+00,18.6813,-99.1013,90244,5337
-104.8455,21.7514,425,Nayarit,Mexico,2022/09/11 05:20:45+00,21.7514,-104.8455,71863,3238
-99.9962,25.5922,426,Nuevo Leon,Mexico,2022/09/11 05:20:45+00,25.5922,-99.9962,399350,15323
-96.7266,17.0732,427,Oaxaca,Mexico,2022/09/11 05:20:45+00,17.0732,-96.7266,148594,6328
-98.2063,19.0414,428,Puebla,Mexico,2022/09/11 05:20:45+00,19.0414,-98.2063,207350,16646
-100.3899,20.5888,429,Queretaro,Mexico,2022/09/11 05:20:45+00,20.5888,-100.3899,176429,6320
-88.4791,19.1817,430,Quintana Roo,Mexico,2022/09/11 05:20:45+00,19.1817,-88.4791,111614,4420
-100.9855,22.1565,431,San Luis Potosi,Mexico,2022/09/11 05:20:45+00,22.1565,-100.9855,236916,7591
-107.4795,25.1721,432,Sinaloa,Mexico,2022/09/11 05:20:45+00,25.1721,-107.4795,174517,9899
-110.3309,29.2972,433,Sonora,Mexico,2022/09/11 05:20:45+00,29.2972,-110.3309,194284,10281
-92.6189,17.8409,434,Tabasco,Mexico,2022/09/11 05:20:45+00,17.8409,-92.6189,213180,6127
-98.8363,24.2669,435,Tamaulipas,Mexico,2022/09/11 05:20:45+00,24.2669,-98.8363,175624,8172
-98.2404,19.3139,436,Tlaxcala,Mexico,2022/09/11 05:20:45+00,19.3139,-98.2404,56307,3123
,,437,Unknown,Mexico,2022/09/11 05:20:45+00,,,0,0
-96.1342,19.1738,438,Veracruz,Mexico,2022/09/11 05:20:45+00,19.1738,-96.1342,223595,17006
-89.0943,20.7099,439,Yucatan,Mexico,2022/09/11 05:20:45+00,20.7099,-89.0943,136448,6910
-102.5832,22.7709,440,Zacatecas,Mexico,2022/09/11 05:20:45+00,22.7709,-102.5832,79354,3916
150.5508,7.4256,441,,Micronesia,2022/09/11 05:20:45+00,7.4256,150.5508,9037,27
28.3699,47.4116,442,,Moldova,2022/09/11 05:20:45+00,47.4116,28.3699,579110,11783
7.4167,43.7333,443,,Monaco,2022/09/11 05:20:45+00,43.7333,7.4167,14436,63
103.8467,46.8625,444,,Mongolia,2022/09/11 05:20:45+00,46.8625,103.8467,980442,2129
19.37439,42.708678,445,,Montenegro,2022/09/11 05:20:45+00,42.708678,19.37439,277191,2778
-7.0926,31.7917,446,,Morocco,2022/09/11 05:20:45+00,31.7917,-7.0926,1264648,16276
35.529562,-18.665695,447,,Mozambique,2022/09/11 05:20:45+00,-18.665695,35.529562,230171,2221
18.4904,-22.9576,448,,Namibia,2022/09/11 05:20:45+00,-22.9576,18.4904,169253,4077
84.25,28.1667,449,,Nepal,2022/09/11 05:20:45+00,28.1667,84.25,998654,12012
-69.9683,12.5211,450,Aruba,Netherlands,2022/09/11 05:20:45+00,12.5211,-69.9683,42970,228
-68.2385,12.1784,451,"Bonaire, Sint Eustatius and Saba",Netherlands,2022/09/11 05:20:45+00,12.1784,-68.2385,11279,38
-68.99,12.1696,452,Curacao,Netherlands,2022/09/11 05:20:45+00,12.1696,-68.99,45318,287
6.618435,52.862485,453,Drenthe,Netherlands,2022/09/11 05:20:45+00,52.862485,6.618435,211026,458
5.515162,52.550383,454,Flevoland,Netherlands,2022/09/11 05:20:45+00,52.550383,5.515162,191621,336
5.7925,53.087337,455,Friesland,Netherlands,2022/09/11 05:20:45+00,53.087337,5.7925,286697,620
5.939114,52.061738,456,Gelderland,Netherlands,2022/09/11 05:20:45+00,52.061738,5.939114,1025822,2871
6.741514,53.217922,457,Groningen,Netherlands,2022/09/11 05:20:45+00,53.217922,6.741514,258081,360
5.93387,51.209227,458,Limburg,Netherlands,2022/09/11 05:20:45+00,51.209227,5.93387,548930,2184
5.184942,51.561174,459,Noord-Brabant,Netherlands,2022/09/11 05:20:45+00,51.561174,5.184942,1276426,3738
4.918688,52.600906,460,Noord-Holland,Netherlands,2022/09/11 05:20:45+00,52.600906,4.918688,1382461,3440
6.441722,52.444558,461,Overijssel,Netherlands,2022/09/11 05:20:45+00,52.444558,6.441722,585984,1440
-63.0548,18.0425,462,Sint Maarten,Netherlands,2022/09/11 05:20:45+00,18.0425,-63.0548,10847,87
,,463,Unknown,Netherlands,2022/09/11 05:20:45+00,,,0,0
5.163824,52.084251,464,Utrecht,Netherlands,2022/09/11 05:20:45+00,52.084251,5.163824,691373,1551
3.861559,51.47936,465,Zeeland,Netherlands,2022/09/11 05:20:45+00,51.47936,3.861559,175623,396
4.462114,51.937835,466,Zuid-Holland,Netherlands,2022/09/11 05:20:45+00,51.937835,4.462114,1762814,5219
174.886,-40.9006,467,,New Zealand,2022/09/11 05:20:45+00,-40.9006,174.886,1758884,1950
-159.7777,-21.2367,468,Cook Islands,New Zealand,2022/09/11 05:20:45+00,-21.2367,-159.7777,6386,1
-85.207229,12.865416,469,,Nicaragua,2022/09/11 05:20:45+00,12.865416,-85.207229,14931,244
8.081666,17.607789,470,,Niger,2022/09/11 05:20:45+00,17.607789,8.081666,9931,312
8.6753,9.082,471,,Nigeria,2022/09/11 05:20:45+00,9.082,8.6753,264299,3154
21.7453,41.6086,472,,North Macedonia,2022/09/11 05:20:45+00,41.6086,21.7453,341404,9506
8.4689,60.472,473,,Norway,2022/09/11 05:20:45+00,60.472,8.4689,1460970,4004
55.923255,21.512583,474,,Oman,2022/09/11 05:20:45+00,21.512583,55.923255,397993,4628
73.947253,34.027401,475,Azad Jammu and Kashmir,Pakistan,2022/09/11 05:20:45+00,34.027401,73.947253,44292,793
65.898403,28.328492,476,Balochistan,Pakistan,2022/09/11 05:20:45+00,28.328492,65.898403,35967,378
74.982138,35.792146,477,Gilgit-Baltistan,Pakistan,2022/09/11 05:20:45+00,35.792146,74.982138,12037,191
73.121219,33.665087,478,Islamabad,Pakistan,2022/09/11 05:20:45+00,33.665087,73.121219,139300,1031
72.09169,34.485332,479,Khyber Pakhtunkhwa,Pakistan,2022/09/11 05:20:45+00,34.485332,72.09169,223885,6359
72.139132,30.811346,480,Punjab,Pakistan,2022/09/11 05:20:45+00,30.811346,72.139132,521640,13610
68.776807,26.009446,481,Sindh,Pakistan,2022/09/11 05:20:45+00,26.009446,68.776807,593675,8236
134.5825,7.515,482,,Palau,2022/09/11 05:20:45+00,7.515,134.5825,5430,6
-80.7821,8.538,483,,Panama,2022/09/11 05:20:45+00,8.538,-80.7821,981822,8480
143.95555,-6.314993,484,,Papua New Guinea,2022/09/11 05:20:45+00,-6.314993,143.95555,44900,664
-58.4438,-23.4425,485,,Paraguay,2022/09/11 05:20:45+00,-23.4425,-58.4438,715806,19530
-78.050172,-5.077253,486,Amazonas,Peru,2022/09/11 05:20:45+00,-5.077253,-78.050172,49506,1367
-77.671795,-9.407125,487,Ancash,Peru,2022/09/11 05:20:45+00,-9.407125,-77.671795,147488,7330
-72.975378,-14.027713,488,Apurimac,Peru,2022/09/11 05:20:45+00,-14.027713,-72.975378,44146,1673
-72.475539,-15.843524,489,Arequipa,Peru,2022/09/11 05:20:45+00,-15.843524,-72.475539,267282,10556
-74.08344,-14.091648,490,Ayacucho,Peru,2022/09/11 05:20:45+00,-14.091648,-74.08344,53376,2370
-78.745596,-6.430284,491,Cajamarca,Peru,2022/09/11 05:20:45+00,-6.430284,-78.745596,108893,4540
-77.136042,-11.954609,492,Callao,Peru,2022/09/11 05:20:45+00,-11.954609,-77.136042,159385,10598
-72.153609,-13.191068,493,Cusco,Peru,2022/09/11 05:20:45+00,-13.191068,-72.153609,134535,5303
-75.00277,-13.023888,494,Huancavelica,Peru,2022/09/11 05:20:45+00,-13.023888,-75.00277,28692,1307
-76.040642,-9.421676,495,Huanuco,Peru,2022/09/11 05:20:45+00,-9.421676,-76.040642,57873,2952
-75.574821,-14.235097,496,Ica,Peru,2022/09/11 05:20:45+00,-14.235097,-75.574821,116556,9025
-74.876968,-11.541783,497,Junin,Peru,2022/09/11 05:20:45+00,-11.541783,-74.876968,145802,7616
-78.370238,-7.92139,498,La Libertad,Peru,2022/09/11 05:20:45+00,-7.92139,-78.370238,168097,10997
-79.824113,-6.353049,499,Lambayeque,Peru,2022/09/11 05:20:45+00,-6.353049,-79.824113,119208,9317
-76.604498,-11.766533,500,Lima,Peru,2022/09/11 05:20:45+00,-11.766533,-76.604498,1898026,94331
-74.424115,-4.124847,501,Loreto,Peru,2022/09/11 05:20:45+00,-4.124847,-74.424115,62564,4418
-70.53172,-11.972699,502,Madre de Dios,Peru,2022/09/11 05:20:45+00,-11.972699,-70.53172,20362,871
-70.839046,-16.860271,503,Moquegua,Peru,2022/09/11 05:20:45+00,-16.860271,-70.839046,58909,1672
-75.307635,-10.39655,504,Pasco,Peru,2022/09/11 05:20:45+00,-10.39655,-75.307635,27183,1135
-80.335861,-5.133361,505,Piura,Peru,2022/09/11 05:20:45+00,-5.133361,-80.335861,171818,13203
-69.922726,-14.995827,506,Puno,Peru,2022/09/11 05:20:45+00,-14.995827,-69.922726,73835,4909
-76.729127,-7.039531,507,San Martin,Peru,2022/09/11 05:20:45+00,-7.039531,-76.729127,67050,3203
-70.27756,-17.644161,508,Tacna,Peru,2022/09/11 05:20:45+00,-17.644161,-70.27756,60126,2177
-80.545255,-3.857496,509,Tumbes,Peru,2022/09/11 05:20:45+00,-3.857496,-80.545255,31436,1718
-73.444929,-9.621718,510,Ucayali,Peru,2022/09/11 05:20:45+00,-9.621718,-73.444929,42969,3289
,,511,Unknown,Peru,2022/09/11 05:20:45+00,,,10091,209
121.774017,12.879721,512,,Philippines,2022/09/11 05:20:45+00,12.879721,121.774017,3904133,62288
19.1451,51.9194,513,,Poland,2022/09/11 05:20:45+00,51.9194,19.1451,6211955,117252
-8.2245,39.3999,514,,Portugal,2022/09/11 05:20:45+00,39.3999,-8.2245,5440953,24909
51.1839,25.3548,515,,Qatar,2022/09/11 05:20:45+00,25.3548,51.1839,435192,682
24.9668,45.9432,516,,Romania,2022/09/11 05:20:45+00,45.9432,24.9668,3239392,66849
40.1520421,44.6939006,517,Adygea Republic,Russia,2022/09/11 05:20:45+00,44.6939006,40.1520421,51554,1005
82.6931424,52.6932243,518,Altai Krai,Russia,2022/09/11 05:20:45+00,52.6932243,82.6931424,287189,8732
86.8572186,50.7114101,519,Altai Republic,Russia,2022/09/11 05:20:45+00,50.7114101,86.8572186,38484,623
128.437295,52.8032368,520,Amur Oblast,Russia,2022/09/11 05:20:45+00,52.8032368,128.437295,116328,764
43.1221646,63.5589686,521,Arkhangelsk Oblast,Russia,2022/09/11 05:20:45+00,63.5589686,43.1221646,249118,1770
47.608851,47.1878186,522,Astrakhan Oblast,Russia,2022/09/11 05:20:45+00,47.1878186,47.608851,127051,3069
57.1439682,54.8573563,523,Bashkortostan Republic,Russia,2022/09/11 05:20:45+00,54.8573563,57.1439682,303346,5789
37.5837615,50.7080119,524,Belgorod Oblast,Russia,2022/09/11 05:20:45+00,50.7080119,37.5837615,144764,2283
33.415853,52.8873315,525,Bryansk Oblast,Russia,2022/09/11 05:20:45+00,52.8873315,33.415853,173813,4064
109.492143,52.7182426,526,Buryatia Republic,Russia,2022/09/11 05:20:45+00,52.7182426,109.492143,147117,3061
45.6985005,43.3976147,527,Chechen Republic,Russia,2022/09/11 05:20:45+00,43.3976147,45.6985005,45716,1076
61.1865846,54.4223954,528,Chelyabinsk Oblast,Russia,2022/09/11 05:20:45+00,54.4223954,61.1865846,353971,7878
169.4900869,66.0006475,529,Chukotka Autonomous Okrug,Russia,2022/09/11 05:20:45+00,66.0006475,169.4900869,6324,43
47.0849429,55.4259922,530,Chuvashia Republic,Russia,2022/09/11 05:20:45+00,55.4259922,47.0849429,92821,4664
47.1332224,43.0574916,531,Dagestan Republic,Russia,2022/09/11 05:20:45+00,43.0574916,47.1332224,99696,3603
45.01713552,43.11542075,532,Ingushetia Republic,Russia,2022/09/11 05:20:45+00,43.11542075,45.01713552,42076,550
104.719221,56.6370122,533,Irkutsk Oblast,Russia,2022/09/11 05:20:45+00,56.6370122,104.719221,324323,8527
41.4352137,56.9167446,534,Ivanovo Oblast,Russia,2022/09/11 05:20:45+00,56.9167446,41.4352137,117917,3158
132.6630746,48.57527615,535,Jewish Autonomous Okrug,Russia,2022/09/11 05:20:45+00,48.57527615,132.6630746,20694,558
43.5978976,43.4806048,536,Kabardino-Balkarian Republic,Russia,2022/09/11 05:20:45+00,43.4806048,43.5978976,68268,1894
21.1489473,54.7293041,537,Kaliningrad Oblast,Russia,2022/09/11 05:20:45+00,54.7293041,21.1489473,179817,1956
45.3275745,46.2313018,538,Kalmykia Republic,Russia,2022/09/11 05:20:45+00,46.2313018,45.3275745,56857,843
35.5272854,54.4382773,539,Kaluga Oblast,Russia,2022/09/11 05:20:45+00,54.4382773,35.5272854,113111,1453
160.0383819,57.1914882,540,Kamchatka Krai,Russia,2022/09/11 05:20:45+00,57.1914882,160.0383819,42656,621
41.7267991,43.7368326,541,Karachay-Cherkess Republic,Russia,2022/09/11 05:20:45+00,43.7368326,41.7267991,48232,984
33.4920267,62.6194031,542,Karelia Republic,Russia,2022/09/11 05:20:45+00,62.6194031,33.4920267,146436,1524
87.342861,54.5335781,543,Kemerovo Oblast,Russia,2022/09/11 05:20:45+00,54.5335781,87.342861,189043,2601
136.121524,51.6312684,544,Khabarovsk Krai,Russia,2022/09/11 05:20:45+00,51.6312684,136.121524,213502,1561
91.44293627,53.72258845,545,Khakassia Republic,Russia,2022/09/11 05:20:45+00,53.72258845,91.44293627,95549,2416
69.0982628,61.0259025,546,Khanty-Mansi Autonomous Okrug,Russia,2022/09/11 05:20:45+00,61.0259025,69.0982628,229031,2561
49.4074599,57.9665589,547,Kirov Oblast,Russia,2022/09/11 05:20:45+00,57.9665589,49.4074599,156525,1064
54.3326073,63.9881421,548,Komi Republic,Russia,2022/09/11 05:20:45+00,63.9881421,54.3326073,178339,3209
44.2533273,58.424756,549,Kostroma Oblast,Russia,2022/09/11 05:20:45+00,58.424756,44.2533273,94163,1415
39.0261044,45.7684014,550,Krasnodar Krai,Russia,2022/09/11 05:20:45+00,45.7684014,39.0261044,309983,11018
97.0979974,63.3233807,551,Krasnoyarsk Krai,Russia,2022/09/11 05:20:45+00,63.3233807,97.0979974,397725,10974
64.5632681,55.7655302,552,Kurgan Oblast,Russia,2022/09/11 05:20:45+00,55.7655302,64.5632681,110761,1451
36.4852695,51.6568453,553,Kursk Oblast,Russia,2022/09/11 05:20:45+00,51.6568453,36.4852695,131303,2506
32.3925325,60.1853296,554,Leningrad Oblast,Russia,2022/09/11 05:20:45+00,60.1853296,32.3925325,217149,3497
39.1122664,52.6935178,555,Lipetsk Oblast,Russia,2022/09/11 05:20:45+00,52.6935178,39.1122664,163270,3832
153.9903764,62.48858785,556,Magadan Oblast,Russia,2022/09/11 05:20:45+00,62.48858785,153.9903764,20586,390
47.8817512,56.5767504,557,Mari El Republic,Russia,2022/09/11 05:20:45+00,56.5767504,47.8817512,46425,1087
44.4661144,54.4419829,558,Mordovia Republic,Russia,2022/09/11 05:20:45+00,54.4419829,44.4661144,74645,1395
37.6174943,55.7504461,559,Moscow,Russia,2022/09/11 05:20:45+00,55.7504461,37.6174943,3090679,45468
38.0353929,55.5043158,560,Moscow Oblast,Russia,2022/09/11 05:20:45+00,55.5043158,38.0353929,1075845,15307
33.9999151,68.0000418,561,Murmansk Oblast,Russia,2022/09/11 05:20:45+00,68.0000418,33.9999151,138443,3347
57.1686375,68.27557185,562,Nenets Autonomous Okrug,Russia,2022/09/11 05:20:45+00,68.27557185,57.1686375,7690,101
44.0911594,55.4718033,563,Nizhny Novgorod Oblast,Russia,2022/09/11 05:20:45+00,55.4718033,44.0911594,455284,11640
44.6324493,42.7933611,564,North Ossetia - Alania Republic,Russia,2022/09/11 05:20:45+00,42.7933611,44.6324493,43254,1258
32.5169757,58.2843833,565,Novgorod Oblast,Russia,2022/09/11 05:20:45+00,58.2843833,32.5169757,108422,1039
79.4813924,54.9720169,566,Novosibirsk Oblast,Russia,2022/09/11 05:20:45+00,54.9720169,79.4813924,278401,5709
73.5099936,56.0935263,567,Omsk Oblast,Russia,2022/09/11 05:20:45+00,56.0935263,73.5099936,220434,4459
36.0692477,52.9685433,568,Orel Oblast,Russia,2022/09/11 05:20:45+00,52.9685433,36.0692477,122264,1943
54.7276647,52.0269262,569,Orenburg Oblast,Russia,2022/09/11 05:20:45+00,52.0269262,54.7276647,228514,4028
44.7879181,53.1655415,570,Penza Oblast,Russia,2022/09/11 05:20:45+00,53.1655415,44.7879181,198864,6047
56.3159546,58.5951603,571,Perm Krai,Russia,2022/09/11 05:20:45+00,58.5951603,56.3159546,402021,8883
134.726645,45.0819456,572,Primorsky Krai,Russia,2022/09/11 05:20:45+00,45.0819456,134.726645,196509,1966
28.8586826,57.5358729,573,Pskov Oblast,Russia,2022/09/11 05:20:45+00,57.5358729,28.8586826,117894,1899
40.7957942,47.6222451,574,Rostov Oblast,Russia,2022/09/11 05:20:45+00,47.6222451,40.7957942,414520,10994
40.5705246,54.4226732,575,Ryazan Oblast,Russia,2022/09/11 05:20:45+00,54.4226732,40.5705246,136555,3428
30.1586551,59.9606739,576,Saint Petersburg,Russia,2022/09/11 05:20:45+00,59.9606739,30.1586551,1689941,34897
129.642371,66.941626,577,Sakha (Yakutiya) Republic,Russia,2022/09/11 05:20:45+00,66.941626,129.642371,202226,2130
143.448533,49.7219665,578,Sakhalin Oblast,Russia,2022/09/11 05:20:45+00,49.7219665,143.448533,66707,828
50.8914633,53.2128813,579,Samara Oblast,Russia,2022/09/11 05:20:45+00,53.2128813,50.8914633,424042,7981
46.8631952,51.6520555,580,Saratov Oblast,Russia,2022/09/11 05:20:45+00,51.6520555,46.8631952,270348,6001
33.0192065,55.0343496,581,Smolensk Oblast,Russia,2022/09/11 05:20:45+00,55.0343496,33.0192065,138832,3103
43.4406913,44.8632577,582,Stavropol Krai,Russia,2022/09/11 05:20:45+00,44.8632577,43.4406913,220044,7101
61.8021546,58.6414755,583,Sverdlovsk Oblast,Russia,2022/09/11 05:20:45+00,58.6414755,61.8021546,485859,10809
41.3578918,52.9019574,584,Tambov Oblast,Russia,2022/09/11 05:20:45+00,52.9019574,41.3578918,125601,2467
52.43104273,55.7648572,585,Tatarstan Republic,Russia,2022/09/11 05:20:45+00,55.7648572,52.43104273,162882,2003
82.0475315,58.6124279,586,Tomsk Oblast,Russia,2022/09/11 05:20:45+00,58.6124279,82.0475315,142562,892
37.3690909,53.9570701,587,Tula Oblast,Russia,2022/09/11 05:20:45+00,53.9570701,37.3690909,174766,5288
35.1744428,57.1134475,588,Tver Oblast,Russia,2022/09/11 05:20:45+00,57.1134475,35.1744428,171965,2763
70.3658837,58.8206488,589,Tyumen Oblast,Russia,2022/09/11 05:20:45+00,58.8206488,70.3658837,218373,4344
93.8582593,51.4017149,590,Tyva Republic,Russia,2022/09/11 05:20:45+00,51.4017149,93.8582593,51304,353
52.6959832,57.1961165,591,Udmurt Republic,Russia,2022/09/11 05:20:45+00,57.1961165,52.6959832,184379,3862
47.2324921,54.1463177,592,Ulyanovsk Oblast,Russia,2022/09/11 05:20:45+00,54.1463177,47.2324921,213779,4743
40.6561633,56.0503336,593,Vladimir Oblast,Russia,2022/09/11 05:20:45+00,56.0503336,40.6561633,160412,3514
44.2903582,49.6048339,594,Volgograd Oblast,Russia,2022/09/11 05:20:45+00,49.6048339,44.2903582,243708,6902
43.1215213,60.0391461,595,Vologda Oblast,Russia,2022/09/11 05:20:45+00,60.0391461,43.1215213,201267,3883
40.1506507,50.9800393,596,Voronezh Oblast,Russia,2022/09/11 05:20:45+00,50.9800393,40.1506507,421983,8389
74.3415488,67.1471631,597,Yamalo-Nenets Autonomous Okrug,Russia,2022/09/11 05:20:45+00,67.1471631,74.3415488,141593,1043
39.0021095,57.7781976,598,Yaroslavl Oblast,Russia,2022/09/11 05:20:45+00,57.7781976,39.0021095,170300,2830
115.956325,52.248521,599,Zabaykalsky Krai,Russia,2022/09/11 05:20:45+00,52.248521,115.956325,178412,2351
29.8739,-1.9403,600,,Rwanda,2022/09/11 05:20:45+00,-1.9403,29.8739,132472,1466
-62.782998,17.357822,601,,Saint Kitts and Nevis,2022/09/11 05:20:45+00,17.357822,-62.782998,6524,46
-60.9789,13.9094,602,,Saint Lucia,2022/09/11 05:20:45+00,13.9094,-60.9789,28894,391
-61.2872,12.9843,603,,Saint Vincent and the Grenadines,2022/09/11 05:20:45+00,12.9843,-61.2872,9430,115
-172.1046,-13.759,604,,Samoa,2022/09/11 05:20:45+00,-13.759,-172.1046,15889,29
12.4578,43.9424,605,,San Marino,2022/09/11 05:20:45+00,43.9424,12.4578,20486,118
6.6131,0.1864,606,,Sao Tome and Principe,2022/09/11 05:20:45+00,0.1864,6.6131,6177,76
45.079162,23.885942,607,,Saudi Arabia,2022/09/11 05:20:45+00,23.885942,45.079162,814356,9315
-14.4524,14.4974,608,,Senegal,2022/09/11 05:20:45+00,14.4974,-14.4524,88172,1968
21.0059,44.0165,609,,Serbia,2022/09/11 05:20:45+00,44.0165,21.0059,2313346,16809
55.492,-4.6796,610,,Seychelles,2022/09/11 05:20:45+00,-4.6796,55.492,46175,169
-11.779889,8.460555,611,,Sierra Leone,2022/09/11 05:20:45+00,8.460555,-11.779889,7749,126
103.8333,1.2833,612,,Singapore,2022/09/11 05:20:45+00,1.2833,103.8333,1858497,1602
19.699,48.669,613,,Slovakia,2022/09/10 23:21:06+00,48.669,19.699,2580748,20236
14.9955,46.1512,614,,Slovenia,2022/09/11 05:20:45+00,46.1512,14.9955,1142042,6792
160.1562,-9.6457,615,,Solomon Islands,2022/09/11 05:20:45+00,-9.6457,160.1562,21544,153
46.199616,5.152149,616,,Somalia,2022/09/11 05:20:45+00,5.152149,46.199616,27020,1361
22.9375,-30.5595,617,,South Africa,2022/09/11 05:20:45+00,-30.5595,22.9375,4014277,102129
31.307,6.877,618,,South Sudan,2022/09/11 05:20:45+00,6.877,31.307,17823,138
-4.7278,37.5443,619,Andalusia,Spain,2022/09/11 05:20:45+00,37.5443,-4.7278,1580154,14410
-0.9057,41.5976,620,Aragon,Spain,2022/09/11 05:20:45+00,41.5976,-0.9057,456003,5194
-5.8593,43.3614,621,Asturias,Spain,2022/09/11 05:20:45+00,43.3614,-5.8593,256318,3107
2.995148,39.710358,622,Baleares,Spain,2022/09/11 05:20:45+00,39.710358,2.995148,308395,1530
-0.7533,39.484,623,C. Valenciana,Spain,2022/09/11 05:20:45+00,39.484,-0.7533,1546998,9996
-16.6291,28.2916,624,Canarias,Spain,2022/09/11 05:20:45+00,28.2916,-16.6291,441726,2056
-3.9878,43.1828,625,Cantabria,Spain,2022/09/11 05:20:45+00,43.1828,-3.9878,157939,957
-3.0977,39.2796,626,Castilla - La Mancha,Spain,2022/09/11 05:20:45+00,39.2796,-3.0977,588629,7801
-4.3976,41.8357,627,Castilla y Leon,Spain,2022/09/11 05:20:45+00,41.8357,-4.3976,818435,9149
1.5209,41.5912,628,Catalonia,Spain,2022/09/11 05:20:45+00,41.5912,1.5209,2628224,20484
-5.3213,35.8894,629,Ceuta,Spain,2022/09/11 05:20:45+00,35.8894,-5.3213,24224,187
-6.0679,39.4937,630,Extremadura,Spain,2022/09/11 05:20:45+00,39.4937,-6.0679,302530,2621
-8.1339,42.5751,631,Galicia,Spain,2022/09/11 05:20:45+00,42.5751,-8.1339,726049,3884
-2.5396,42.2871,632,La Rioja,Spain,2022/09/11 05:20:45+00,42.2871,-2.5396,108475,948
-3.7038,40.4168,633,Madrid,Spain,2022/09/11 05:20:45+00,40.4168,-3.7038,1917914,19228
-2.9381,35.2923,634,Melilla,Spain,2022/09/11 05:20:45+00,35.2923,-2.9381,24709,167
-1.1307,37.9922,635,Murcia,Spain,2022/09/11 05:20:45+00,37.9922,-1.1307,454763,2441
-1.6761,42.6954,636,Navarra,Spain,2022/09/11 05:20:45+00,42.6954,-1.6761,255170,1702
-2.6189,42.9896,637,Pais Vasco,Spain,2022/09/11 05:20:45+00,42.9896,-2.6189,770992,7268
,,638,Unknown,Spain,2022/09/11 05:20:45+00,,,0,0
80.771797,7.873054,639,,Sri Lanka,2022/09/11 05:20:45+00,7.873054,80.771797,670408,16727
30.2176,12.8628,640,,Sudan,2022/09/11 05:20:45+00,12.8628,30.2176,63270,4961
139.7737,35.6491,641,,Summer Olympics 2020,2022/09/11 05:20:45+00,35.6491,139.7737,865,0
-56.0278,3.9193,642,,Suriname,2022/09/11 05:20:45+00,3.9193,-56.0278,81057,1384
15.018,56.2784,643,Blekinge,Sweden,2022/09/11 05:20:45+00,56.2784,15.018,30455,178
14.6664,61.0917,644,Dalarna,Sweden,2022/09/11 05:20:45+00,61.0917,14.6664,73732,520
16.1534,61.3012,645,Gavleborg,Sweden,2022/09/11 05:20:45+00,61.3012,16.1534,74444,732
18.4867,57.4684,646,Gotland,Sweden,2022/09/11 05:20:45+00,57.4684,18.4867,11752,76
12.8034,56.8967,647,Halland,Sweden,2022/09/11 05:20:45+00,56.8967,12.8034,107736,482
14.9592,63.1712,648,Jamtland Harjedalen,Sweden,2022/09/11 05:20:45+00,63.1712,14.9592,34020,192
14.3439,57.3708,649,Jonkoping,Sweden,2022/09/11 05:20:45+00,57.3708,14.3439,88507,720
16.1849,57.235,650,Kalmar,Sweden,2022/09/11 05:20:45+00,57.235,16.1849,61588,369
14.4115,56.7183,651,Kronoberg,Sweden,2022/09/11 05:20:45+00,56.7183,14.4115,50774,403
20.3992,66.8309,652,Norrbotten,Sweden,2022/09/11 05:20:45+00,66.8309,20.3992,50192,442
15.0066,59.535,653,Orebro,Sweden,2022/09/11 05:20:45+00,59.535,15.0066,96797,513
15.5198,58.3454,654,Ostergotland,Sweden,2022/09/11 05:20:45+00,58.3454,15.5198,97356,856
13.5958,55.9903,655,Skane,Sweden,2022/09/11 05:20:45+00,55.9903,13.5958,344180,2515
16.7519,59.0336,656,Sormland,Sweden,2022/09/11 05:20:45+00,59.0336,16.7519,66711,635
18.1384,59.6025,657,Stockholm,Sweden,2022/09/11 05:20:45+00,59.6025,18.1384,591509,5490
17.2715,60.0092,658,Uppsala,Sweden,2022/09/11 05:20:45+00,60.0092,17.2715,92584,708
13.2354,59.7294,659,Varmland,Sweden,2022/09/11 05:20:45+00,59.7294,13.2354,67980,381
16.5162,65.3337,660,Vasterbotten,Sweden,2022/09/11 05:20:45+00,65.3337,16.5162,58899,362
17.7292,63.4276,661,Vasternorrland,Sweden,2022/09/11 05:20:45+00,63.4276,17.7292,55316,654
16.2159,59.6714,662,Vastmanland,Sweden,2022/09/11 05:20:45+00,59.6714,16.2159,77741,517
13.0596,58.2528,663,Vastra Gotaland,Sweden,2022/09/11 05:20:45+00,58.2528,13.0596,441275,3261
8.2275,46.8182,664,,Switzerland,2022/09/11 05:20:45+00,46.8182,8.2275,4059532,13987
38.996815,34.802075,665,,Syria,2022/09/11 05:20:45+00,34.802075,38.996815,57144,3163
121,23.7,666,,Taiwan*,2022/09/11 05:20:45+00,23.7,121,5650028,10255
71.2761,38.861,667,,Tajikistan,2022/09/11 05:20:45+00,38.861,71.2761,17786,125
34.888822,-6.369028,668,,Tanzania,2022/09/11 05:20:45+00,-6.369028,34.888822,39168,845
100.992541,15.870032,669,,Thailand,2022/09/11 05:20:45+00,15.870032,100.992541,4667546,32539
125.727539,-8.874217,670,,Timor-Leste,2022/09/11 05:20:45+00,-8.874217,125.727539,23217,138
0.8248,8.6195,671,,Togo,2022/09/11 05:20:45+00,8.6195,0.8248,38614,284
-175.1982,-21.179,672,,Tonga,2022/09/11 05:20:45+00,-21.179,-175.1982,16182,12
-61.2225,10.6918,673,,Trinidad and Tobago,2022/09/11 05:20:45+00,10.6918,-61.2225,181206,4168
9.537499,33.886917,674,,Tunisia,2022/09/11 05:20:45+00,33.886917,9.537499,1144824,29238
35.2433,38.9637,675,,Turkey,2022/09/11 05:20:45+00,38.9637,35.2433,16797750,100840
32.290275,1.373333,676,,Uganda,2022/09/11 05:20:45+00,1.373333,32.290275,169396,3628
32.0598,49.4444,677,Cherkasy Oblast,Ukraine,2022/09/11 05:20:45+00,49.4444,32.0598,163768,2973
31.2893,51.4982,678,Chernihiv Oblast,Ukraine,2022/09/11 05:20:45+00,51.4982,31.2893,126202,2751
25.9352,48.2917,679,Chernivtsi Oblast,Ukraine,2022/09/11 05:20:45+00,48.2917,25.9352,150465,3290
34.2008,45.2835,680,Crimea Republic*,Ukraine,2022/09/11 05:20:45+00,45.2835,34.2008,199455,5368
35.0462,48.4647,681,Dnipropetrovsk Oblast,Ukraine,2022/09/11 05:20:45+00,48.4647,35.0462,303551,9454
37.8028,48.0159,682,Donetsk Oblast,Ukraine,2022/09/11 05:20:45+00,48.0159,37.8028,216052,5607
24.7111,48.9226,683,Ivano-Frankivsk Oblast,Ukraine,2022/09/11 05:20:45+00,48.9226,24.7111,181629,3476
36.2304,49.9935,684,Kharkiv Oblast,Ukraine,2022/09/11 05:20:45+00,49.9935,36.2304,305661,6858
32.6169,46.6354,685,Kherson Oblast,Ukraine,2022/09/11 05:20:45+00,46.6354,32.6169,107686,2881
26.9871,49.423,686,Khmelnytskyi Oblast,Ukraine,2022/09/11 05:20:45+00,49.423,26.9871,201270,3703
30.5234,50.4501,687,Kiev,Ukraine,2022/09/11 05:20:45+00,50.4501,30.5234,445098,8966
30.7667,50.053,688,Kiev Oblast,Ukraine,2022/09/11 05:20:45+00,50.053,30.7667,226220,5019
32.2623,48.5079,689,Kirovohrad Oblast,Ukraine,2022/09/11 05:20:45+00,48.5079,32.2623,45117,1741
39.3078,48.574,690,Luhansk Oblast,Ukraine,2022/09/11 05:20:45+00,48.574,39.3078,80033,2392
24.0297,49.8397,691,Lviv Oblast,Ukraine,2022/09/11 05:20:45+00,49.8397,24.0297,303357,6569
31.9946,46.975,692,Mykolaiv Oblast,Ukraine,2022/09/11 05:20:45+00,46.975,31.9946,146174,3530
30.7326,46.4846,693,Odessa Oblast,Ukraine,2022/09/11 05:20:45+00,46.4846,30.7326,325462,5917
34.5514,49.5883,694,Poltava Oblast,Ukraine,2022/09/11 05:20:45+00,49.5883,34.5514,179994,4181
26.2516,50.6199,695,Rivne Oblast,Ukraine,2022/09/11 05:20:45+00,50.6199,26.2516,171031,2530
33.522,44.6054,696,Sevastopol*,Ukraine,2022/09/11 05:20:45+00,44.6054,33.522,91770,2432
34.7981,50.9077,697,Sumy Oblast,Ukraine,2022/09/11 05:20:45+00,50.9077,34.7981,182268,3208
25.5948,49.5535,698,Ternopil Oblast,Ukraine,2022/09/11 05:20:45+00,49.5535,25.5948,146363,2391
,,699,Unknown,Ukraine,2022/09/11 05:20:45+00,,,262909,3380
28.4682,49.2331,700,Vinnytsia Oblast,Ukraine,2022/09/11 05:20:45+00,49.2331,28.4682,149845,3546
25.3254,50.7472,701,Volyn Oblast,Ukraine,2022/09/11 05:20:45+00,50.7472,25.3254,132045,2394
22.2879,48.6208,702,Zakarpattia Oblast,Ukraine,2022/09/11 05:20:45+00,48.6208,22.2879,112462,2724
35.1396,47.8388,703,Zaporizhia Oblast,Ukraine,2022/09/11 05:20:45+00,47.8388,35.1396,215070,5866
28.6587,50.2547,704,Zhytomyr Oblast,Ukraine,2022/09/11 05:20:45+00,50.2547,28.6587,192801,3538
53.847818,23.424076,705,,United Arab Emirates,2022/09/11 05:20:45+00,23.424076,53.847818,1019625,2342
-63.0686,18.2206,706,Anguilla,United Kingdom,2022/09/11 05:20:45+00,18.2206,-63.0686,3851,12
-64.7505,32.3078,707,Bermuda,United Kingdom,2022/09/11 05:20:45+00,32.3078,-64.7505,18019,148
-64.64,18.4207,708,British Virgin Islands,United Kingdom,2022/09/11 05:20:45+00,18.4207,-64.64,7305,64
-81.2546,19.3133,709,Cayman Islands,United Kingdom,2022/09/11 05:20:45+00,19.3133,-81.2546,30214,29
-2.3644,49.3723,710,Channel Islands,United Kingdom,2022/09/11 05:20:45+00,49.3723,-2.3644,0,0
-1.1743,52.3555,711,England,United Kingdom,2022/09/11 05:20:45+00,52.3555,-1.1743,19861556,174576
-59.5236,-51.7963,712,Falkland Islands (Malvinas),United Kingdom,2022/09/11 05:20:45+00,-51.7963,-59.5236,1886,0
-5.3536,36.1408,713,Gibraltar,United Kingdom,2022/09/11 05:20:45+00,36.1408,-5.3536,20069,108
-2.58949,49.448196,714,Guernsey,United Kingdom,2022/09/11 05:20:45+00,49.448196,-2.58949,30883,62
-4.5481,54.2361,715,Isle of Man,United Kingdom,2022/09/11 05:20:45+00,54.2361,-4.5481,38008,116
-2.1358,49.2138,716,Jersey,United Kingdom,2022/09/11 05:20:45+00,49.2138,-2.1358,59163,136
-62.187366,16.742498,717,Montserrat,United Kingdom,2022/09/11 05:20:45+00,16.742498,-62.187366,1276,8
-6.4923,54.7877,718,Northern Ireland,United Kingdom,2022/09/11 05:20:45+00,54.7877,-6.4923,713294,4831
-14.3559,-7.9467,719,"Saint Helena, Ascension and Tristan da Cunha",United Kingdom,2022/09/11 05:20:45+00,-7.9467,-14.3559,7,0
-4.2026,56.4907,720,Scotland,United Kingdom,2022/09/11 05:20:45+00,56.4907,-4.2026,2095171,15588
-71.7979,21.694,721,Turks and Caicos Islands,United Kingdom,2022/09/11 05:20:45+00,21.694,-71.7979,6372,36
,,722,Unknown,United Kingdom,2022/09/11 05:20:45+00,,,0,314
-3.7837,52.1307,723,Wales,United Kingdom,2022/09/11 05:20:45+00,52.1307,-3.7837,884498,10723
-55.7658,-32.5228,724,,Uruguay,2022/09/11 05:20:45+00,-32.5228,-55.7658,981186,7455
64.585262,41.377491,725,,Uzbekistan,2022/09/11 05:20:45+00,41.377491,64.585262,243893,1637
166.9592,-15.3767,726,,Vanuatu,2022/09/11 05:20:45+00,-15.3767,166.9592,11908,14
-66.5897,6.4238,727,,Venezuela,2022/09/11 05:20:45+00,6.4238,-66.5897,543759,5807
108.277199,14.058324,728,,Vietnam,2022/09/11 05:20:45+00,14.058324,108.277199,11437970,43126
35.2332,31.9522,729,,West Bank and Gaza,2022/09/11 05:20:45+00,31.9522,35.2332,702591,5706
116.4074,39.9042,730,,Winter Olympics 2022,2022/09/11 05:20:45+00,39.9042,116.4074,535,0
48.516388,15.552727,731,,Yemen,2022/09/11 05:20:45+00,15.552727,48.516388,11932,2155
27.849332,-13.133897,732,,Zambia,2022/09/11 05:20:45+00,-13.133897,27.849332,333220,4017
29.154857,-19.015438,733,,Zimbabwe,2022/09/11 05:20:45+00,-19.015438,29.154857,256870,5596
-89.678696,32.741646,734,Mississippi,US,2022/09/11 05:20:45+00,32.741646,-89.678696,918874,12821
-122.665479,37.64894,735,Grand Princess,US,2020/08/04 02:27:56+00,37.64894,-122.665479,103,3
-96.928917,35.565342,736,Oklahoma,US,2022/09/11 05:20:45+00,35.565342,-96.928917,1182071,16759
-75.507141,39.318523,737,Delaware,US,2022/09/11 05:20:45+00,39.318523,-75.507141,304393,3080
-93.900192,45.694454,738,Minnesota,US,2022/09/11 05:20:45+00,45.694454,-93.900192,1645653,13509
-88.986137,40.349457,739,Illinois,US,2022/09/11 05:20:45+00,40.349457,-88.986137,3716318,39445
-92.373123,34.969704,740,Arkansas,US,2022/09/11 05:20:45+00,34.969704,-92.373123,941464,11961
-106.248482,34.840515,741,New Mexico,US,2022/09/11 05:20:45+00,34.840515,-106.248482,613896,8483
-86.258278,39.849426,742,Indiana,US,2022/09/11 05:20:45+00,39.849426,-86.258278,1908325,24549
-91.867805,31.169546,743,Louisiana,US,2022/09/11 05:20:45+00,31.169546,-91.867805,1442885,17923
-97.563461,31.054487,744,Texas,US,2022/09/11 05:20:45+00,31.054487,-97.563461,7912298,90495
-89.616508,44.268543,745,Wisconsin,US,2022/09/11 05:20:45+00,44.268543,-89.616508,1843251,15120
-96.726486,38.5266,746,Kansas,US,2022/09/11 05:20:45+00,38.5266,-96.726486,869254,9029
0,0,747,Recovered,US,2022/09/11 05:20:45+00,0,0,0,0
-170.132,-14.271,748,American Samoa,US,2022/09/11 05:20:45+00,-14.271,-170.132,8217,34
-72.755371,41.597782,749,Connecticut,US,2022/09/11 05:20:45+00,41.597782,-72.755371,881252,11299
-64.8963,18.3358,750,Virgin Islands,US,2022/09/11 05:20:45+00,18.3358,-64.8963,22926,122
-119.681564,36.116203,751,California,US,2022/09/11 05:20:45+00,36.116203,-119.681564,11166567,95311
-66.5901,18.2208,752,Puerto Rico,US,2022/09/11 05:20:45+00,18.2208,-66.5901,938654,5033
-83.643074,33.040619,753,Georgia,US,2022/09/11 05:20:45+00,33.040619,-83.643074,2883318,39875
-99.784012,47.528912,754,North Dakota,US,2022/09/11 05:20:45+00,47.528912,-99.784012,266273,2354
-77.209755,40.590752,755,Pennsylvania,US,2022/09/11 05:20:45+00,40.590752,-77.209755,3202811,46831
-80.954453,38.491226,756,West Virginia,US,2022/09/11 05:20:45+00,38.491226,-80.954453,590441,7322
-152.404419,61.370716,757,Alaska,US,2022/09/11 05:20:45+00,61.370716,-152.404419,295596,1338
-86.692345,35.747845,758,Tennessee,US,2022/09/11 05:20:45+00,35.747845,-86.692345,2314687,27532
-64.933,18.35,759,United States Virgin Islands,US,,18.35,-64.933,0,0
-92.288368,38.456085,760,Missouri,US,2022/09/11 05:20:45+00,38.456085,-92.288368,1635859,21560
-99.438828,44.299782,761,South Dakota,US,2022/09/11 05:20:45+00,44.299782,-99.438828,258510,3002
-105.311104,39.059811,762,Colorado,US,2022/09/11 05:20:45+00,39.059811,-105.311104,1639422,13207
-74.521011,40.298904,763,New Jersey,US,2022/09/11 05:20:45+00,40.298904,-74.521011,2696672,34623
144.7937,13.4443,764,Guam,US,2022/09/11 05:20:45+00,13.4443,144.7937,58221,394
-121.490494,47.400902,765,Washington,US,2022/09/11 05:20:45+00,47.400902,-121.490494,1793565,14122
-74.948051,42.165726,766,New York,US,2022/09/11 05:20:45+00,42.165726,-74.948051,6024729,71311
-117.055374,38.313515,767,Nevada,US,2022/09/11 05:20:45+00,38.313515,-117.055374,835618,11417
145.6739,15.0979,768,Northern Mariana Islands,US,2022/09/11 05:20:45+00,15.0979,145.6739,13147,40
139.638,35.4437,769,Diamond Princess,US,2020/08/04 02:27:56+00,35.4437,139.638,49,0
-76.802101,39.063946,770,Maryland,US,2022/09/11 05:20:45+00,39.063946,-76.802101,1231823,15247
-114.478828,44.240459,771,Idaho,US,2022/09/11 05:20:45+00,44.240459,-114.478828,491564,5131
-107.30249,42.755966,772,Wyoming,US,2022/09/11 05:20:45+00,42.755966,-107.30249,175290,1884
-111.431221,33.729759,773,Arizona,US,2022/09/11 05:20:45+00,33.729759,-111.431221,2258040,31162
-93.210526,42.011539,774,Iowa,US,2022/09/11 05:20:45+00,42.011539,-93.210526,847235,9968
-84.536095,43.326618,775,Michigan,US,2022/09/11 05:20:45+00,43.326618,-84.536095,2786213,38121
-111.862434,40.150032,776,Utah,US,2022/09/11 05:20:45+00,40.150032,-111.862434,1032129,4989
-78.169968,37.769337,777,Virginia,US,2022/09/11 05:20:45+00,37.769337,-78.169968,2058582,21587
-122.070938,44.572021,778,Oregon,US,2022/09/11 05:20:45+00,44.572021,-122.070938,883368,8471
-110.454353,46.921925,779,Montana,US,2022/09/11 05:20:45+00,46.921925,-110.454353,306709,3509
-71.563896,43.452492,780,New Hampshire,US,2022/09/11 05:20:45+00,43.452492,-71.563896,346016,2671
-71.530106,42.230171,781,Massachusetts,US,2022/09/11 05:20:45+00,42.230171,-71.530106,2021331,21536
-80.945007,33.856892,782,South Carolina,US,2022/09/11 05:20:45+00,33.856892,-80.945007,1687640,18299
-72.710686,44.045876,783,Vermont,US,2022/09/11 05:20:45+00,44.045876,-72.710686,140740,715
-81.686783,27.766279,784,Florida,US,2022/09/11 05:20:45+00,27.766279,-81.686783,7108060,80408
-157.498337,21.094318,785,Hawaii,US,2022/09/11 05:20:45+00,21.094318,-157.498337,340729,1655
-84.670067,37.66814,786,Kentucky,US,2022/09/11 05:20:45+00,37.66814,-84.670067,1554928,16808
-71.51178,41.680893,787,Rhode Island,US,2022/09/11 05:20:45+00,41.680893,-71.51178,420175,3652
-98.268082,41.12537,788,Nebraska,US,2022/09/11 05:20:45+00,41.12537,-98.268082,533046,4488
-82.764915,40.388783,789,Ohio,US,2022/09/11 05:20:45+00,40.388783,-82.764915,3096557,39576
-86.9023,32.3182,790,Alabama,US,2022/09/11 05:20:45+00,32.3182,-86.9023,1504180,20239
-79.806419,35.630066,791,North Carolina,US,2022/09/11 05:20:45+00,35.630066,-79.806419,3141302,26365
-77.026817,38.897438,792,District of Columbia,US,2022/09/11 05:20:45+00,38.897438,-77.026817,166893,1382
-69.381927,44.693947,793,Maine,US,2022/09/11 05:20:45+00,44.693947,-69.381927,284881,2551
